id_venta,nombre_pelicula,dia,horario,sala,cantidad_entradas,monto
1,EL TELEFONO NEGRO,1,18:15,2,9,1944.00
2,TOP GUN MAVERICK,4,00:45,4,7,2205.00
3,TODO EN TODAS PARTES AL MISMO TIEMPO,3,20:00,2,1,240.00
4,TODO EN TODAS PARTES AL MISMO TIEMPO,2,16:30,3,7,1512.00
5,TODO EN TODAS PARTES AL MISMO TIEMPO,6,17:00,5,7,2205.00
6,TODO EN TODAS PARTES AL MISMO TIEMPO,5,20:00,2,3,1050.00
7,MINIONS NACE UN VILLANO,1,17:00,2,1,240.00
8,TODO EN TODAS PARTES AL MISMO TIEMPO,0,00:45,4,2,700.00
9,JURASSIC WORLD DOMINIO,4,11:15,5,5,1575.00
10,LIGHTYEAR,3,15:00,3,1,240.00
11,DOG UN VIAJE SALVAJE,5,00:45,1,8,2520.00
12,MINIONS NACE UN VILLANO,0,22:30,5,4,1260.00
13,TODO EN TODAS PARTES AL MISMO TIEMPO,2,23:00,1,6,1296.00
14,MINIONS NACE UN VILLANO,2,11:15,2,3,720.00
15,DOG UN VIAJE SALVAJE,0,20:00,2,2,700.00
16,MINIONS NACE UN VILLANO,4,15:00,3,3,1050.00
17,JURASSIC WORLD DOMINIO,3,22:30,1,6,1296.00
18,DOG UN VIAJE SALVAJE,3,22:30,5,10,2160.00
19,MINIONS NACE UN VILLANO,1,18:15,2,9,1944.00
20,TOP GUN MAVERICK,3,21:00,2,4,864.00
21,EL TELEFONO NEGRO,2,17:00,1,4,864.00
22,TOP GUN MAVERICK,1,17:00,3,4,864.00
23,LIGHTYEAR,0,15:00,4,3,1050.00
24,TODO EN TODAS PARTES AL MISMO TIEMPO,3,17:00,1,3,720.00
25,PEQUEÑA FLOR,1,15:00,2,6,1296.00
26,LIGHTYEAR,5,23:00,5,7,2205.00
27,TOP GUN MAVERICK,3,11:15,4,9,1944.00
28,DOG UN VIAJE SALVAJE,2,17:00,3,3,720.00
29,JURASSIC WORLD DOMINIO,4,22:30,5,5,1575.00
30,DOG UN VIAJE SALVAJE,2,18:15,3,5,1080.00
31,PEQUEÑA FLOR,2,15:00,2,8,1728.00
32,DOG UN VIAJE SALVAJE,0,18:15,2,7,2205.00
33,TOP GUN MAVERICK,4,01:15,4,10,3150.00
34,MINIONS NACE UN VILLANO,0,11:15,2,1,350.00
35,TOP GUN MAVERICK,2,15:00,1,1,240.00
36,MINIONS NACE UN VILLANO,5,01:15,4,9,2835.00
37,PEQUEÑA FLOR,4,20:00,4,2,700.00
38,MINIONS NACE UN VILLANO,5,23:00,1,2,700.00
39,TODO EN TODAS PARTES AL MISMO TIEMPO,6,21:00,2,4,1260.00
40,JURASSIC WORLD DOMINIO,0,20:00,4,10,3150.00
41,TOP GUN MAVERICK,3,16:30,2,4,864.00
42,EL TELEFONO NEGRO,3,18:15,1,3,720.00
43,EL TELEFONO NEGRO,3,16:30,4,10,2160.00
44,EL TELEFONO NEGRO,3,15:00,1,9,1944.00
45,THOR AMOR Y TRUENO,4,21:00,4,3,1050.00
46,DOG UN VIAJE SALVAJE,1,18:15,4,10,2160.00
47,DOG UN VIAJE SALVAJE,6,18:15,2,10,3150.00
48,JURASSIC WORLD DOMINIO,0,21:00,5,6,1890.00
49,LIGHTYEAR,4,15:00,4,9,2835.00
50,JURASSIC WORLD DOMINIO,4,11:15,5,8,2520.00
51,LIGHTYEAR,0,22:30,4,3,1050.00
52,JURASSIC WORLD DOMINIO,2,00:45,3,10,2160.00
53,JURASSIC WORLD DOMINIO,6,00:45,5,7,2205.00
54,LIGHTYEAR,3,20:00,4,9,1944.00
55,TOP GUN MAVERICK,0,15:00,1,10,3150.00
56,LIGHTYEAR,4,17:00,3,5,1575.00
57,MINIONS NACE UN VILLANO,6,00:45,2,4,1260.00
58,DOG UN VIAJE SALVAJE,5,17:00,1,6,1890.00
59,TOP GUN MAVERICK,6,11:15,3,9,2835.00
60,PEQUEÑA FLOR,2,22:30,2,4,864.00
61,JURASSIC WORLD DOMINIO,1,20:00,3,2,480.00
62,DOG UN VIAJE SALVAJE,1,00:45,2,6,1296.00
63,TOP GUN MAVERICK,2,22:30,3,8,1728.00
64,EL TELEFONO NEGRO,5,01:15,3,5,1575.00
65,MINIONS NACE UN VILLANO,0,01:15,4,8,2520.00
66,JURASSIC WORLD DOMINIO,4,00:45,5,6,1890.00
67,DOG UN VIAJE SALVAJE,2,21:00,5,5,1080.00
68,LIGHTYEAR,1,18:15,3,9,1944.00
69,TOP GUN MAVERICK,0,15:00,2,4,1260.00
70,THOR AMOR Y TRUENO,0,20:00,1,7,2205.00
71,EL TELEFONO NEGRO,0,01:15,5,2,700.00
72,EL TELEFONO NEGRO,0,11:15,4,6,1890.00
73,THOR AMOR Y TRUENO,0,21:00,4,9,2835.00
74,TOP GUN MAVERICK,1,15:00,2,1,240.00
75,TOP GUN MAVERICK,5,18:15,5,3,1050.00
76,TODO EN TODAS PARTES AL MISMO TIEMPO,6,17:00,4,3,1050.00
77,PEQUEÑA FLOR,1,11:15,5,6,1296.00
78,DOG UN VIAJE SALVAJE,3,20:00,4,1,240.00
79,JURASSIC WORLD DOMINIO,5,23:00,4,2,700.00
80,LIGHTYEAR,2,15:00,5,3,720.00
81,TOP GUN MAVERICK,5,00:45,1,8,2520.00
82,MINIONS NACE UN VILLANO,4,23:00,3,2,700.00
83,TOP GUN MAVERICK,3,20:00,5,2,480.00
84,JURASSIC WORLD DOMINIO,1,15:00,3,2,480.00
85,JURASSIC WORLD DOMINIO,0,23:00,3,7,2205.00
86,DOG UN VIAJE SALVAJE,2,23:00,2,9,1944.00
87,JURASSIC WORLD DOMINIO,4,21:00,1,4,1260.00
88,TODO EN TODAS PARTES AL MISMO TIEMPO,1,15:00,5,5,1080.00
89,TOP GUN MAVERICK,5,23:00,3,7,2205.00
90,JURASSIC WORLD DOMINIO,1,18:15,5,10,2160.00
91,LIGHTYEAR,1,17:00,5,10,2160.00
92,THOR AMOR Y TRUENO,3,22:30,2,3,720.00
93,MINIONS NACE UN VILLANO,5,16:30,2,7,2205.00
94,TODO EN TODAS PARTES AL MISMO TIEMPO,6,21:00,2,9,2835.00
95,JURASSIC WORLD DOMINIO,6,16:30,1,7,2205.00
96,TOP GUN MAVERICK,4,00:45,3,6,1890.00
97,TODO EN TODAS PARTES AL MISMO TIEMPO,6,18:15,5,6,1890.00
98,JURASSIC WORLD DOMINIO,5,22:30,2,5,1575.00
99,DOG UN VIAJE SALVAJE,6,15:00,4,4,1260.00
100,MINIONS NACE UN VILLANO,3,18:15,4,6,1296.00
101,DOG UN VIAJE SALVAJE,5,21:00,1,6,1890.00
102,TODO EN TODAS PARTES AL MISMO TIEMPO,1,01:15,2,1,240.00
103,LIGHTYEAR,1,22:30,5,8,1728.00
104,TODO EN TODAS PARTES AL MISMO TIEMPO,5,21:00,3,10,3150.00
105,PEQUEÑA FLOR,0,23:00,3,7,2205.00
106,EL TELEFONO NEGRO,3,21:00,4,6,1296.00
107,LIGHTYEAR,2,22:30,4,7,1512.00
108,TODO EN TODAS PARTES AL MISMO TIEMPO,3,00:45,1,5,1080.00
109,DOG UN VIAJE SALVAJE,2,01:15,5,5,1080.00
110,TODO EN TODAS PARTES AL MISMO TIEMPO,3,16:30,2,2,480.00
111,THOR AMOR Y TRUENO,0,15:00,2,2,700.00
112,LIGHTYEAR,6,21:00,2,10,3150.00
113,EL TELEFONO NEGRO,6,11:15,2,4,1260.00
114,PEQUEÑA FLOR,5,23:00,5,4,1260.00
115,MINIONS NACE UN VILLANO,0,11:15,2,1,350.00
116,EL TELEFONO NEGRO,4,15:00,5,2,700.00
117,JURASSIC WORLD DOMINIO,2,16:30,1,4,864.00
118,PEQUEÑA FLOR,4,00:45,4,10,3150.00
119,THOR AMOR Y TRUENO,2,15:00,1,5,1080.00
120,DOG UN VIAJE SALVAJE,2,15:00,1,6,1296.00
121,TODO EN TODAS PARTES AL MISMO TIEMPO,6,15:00,2,8,2520.00
122,TOP GUN MAVERICK,3,18:15,3,1,240.00
123,PEQUEÑA FLOR,6,17:00,3,6,1890.00
124,TOP GUN MAVERICK,6,16:30,3,2,700.00
125,PEQUEÑA FLOR,3,20:00,5,9,1944.00
126,MINIONS NACE UN VILLANO,4,18:15,3,3,1050.00
127,TODO EN TODAS PARTES AL MISMO TIEMPO,3,21:00,2,2,480.00
128,PEQUEÑA FLOR,0,20:00,3,5,1575.00
129,TOP GUN MAVERICK,3,20:00,1,10,2160.00
130,DOG UN VIAJE SALVAJE,4,11:15,5,5,1575.00
131,DOG UN VIAJE SALVAJE,0,21:00,5,6,1890.00
132,PEQUEÑA FLOR,6,01:15,2,1,350.00
133,EL TELEFONO NEGRO,0,16:30,5,9,2835.00
134,MINIONS NACE UN VILLANO,5,00:45,2,1,350.00
135,PEQUEÑA FLOR,5,15:00,4,6,1890.00
136,PEQUEÑA FLOR,4,22:30,4,9,2835.00
137,THOR AMOR Y TRUENO,4,00:45,5,10,3150.00
138,JURASSIC WORLD DOMINIO,5,15:00,1,7,2205.00
139,LIGHTYEAR,0,21:00,4,4,1260.00
140,EL TELEFONO NEGRO,2,00:45,4,10,2160.00
141,TODO EN TODAS PARTES AL MISMO TIEMPO,0,21:00,4,10,3150.00
142,TODO EN TODAS PARTES AL MISMO TIEMPO,5,18:15,3,3,1050.00
143,EL TELEFONO NEGRO,1,17:00,5,2,480.00
144,EL TELEFONO NEGRO,6,20:00,3,9,2835.00
145,LIGHTYEAR,1,11:15,2,3,720.00
146,PEQUEÑA FLOR,3,01:15,3,2,480.00
147,LIGHTYEAR,2,16:30,5,6,1296.00
148,MINIONS NACE UN VILLANO,3,20:00,2,1,240.00
149,LIGHTYEAR,0,11:15,5,9,2835.00
150,EL TELEFONO NEGRO,4,00:45,5,4,1260.00
151,TODO EN TODAS PARTES AL MISMO TIEMPO,4,18:15,3,7,2205.00
152,DOG UN VIAJE SALVAJE,5,17:00,4,9,2835.00
153,MINIONS NACE UN VILLANO,1,22:30,2,1,240.00
154,MINIONS NACE UN VILLANO,3,11:15,4,1,240.00
155,PEQUEÑA FLOR,0,20:00,1,6,1890.00
156,MINIONS NACE UN VILLANO,2,22:30,3,10,2160.00
157,EL TELEFONO NEGRO,5,20:00,4,6,1890.00
158,THOR AMOR Y TRUENO,0,00:45,3,4,1260.00
159,MINIONS NACE UN VILLANO,2,18:15,3,7,1512.00
160,EL TELEFONO NEGRO,5,11:15,1,4,1260.00
161,JURASSIC WORLD DOMINIO,6,17:00,3,7,2205.00
162,JURASSIC WORLD DOMINIO,3,16:30,5,1,240.00
163,LIGHTYEAR,2,21:00,4,6,1296.00
164,EL TELEFONO NEGRO,4,22:30,1,2,700.00
165,PEQUEÑA FLOR,3,23:00,5,4,864.00
166,EL TELEFONO NEGRO,2,15:00,2,4,864.00
167,MINIONS NACE UN VILLANO,2,21:00,4,4,864.00
168,LIGHTYEAR,1,11:15,4,5,1080.00
169,PEQUEÑA FLOR,1,23:00,3,9,1944.00
170,PEQUEÑA FLOR,5,00:45,4,2,700.00
171,LIGHTYEAR,6,23:00,5,6,1890.00
172,JURASSIC WORLD DOMINIO,1,17:00,2,1,240.00
173,LIGHTYEAR,5,23:00,1,1,350.00
174,JURASSIC WORLD DOMINIO,3,18:15,5,4,864.00
175,MINIONS NACE UN VILLANO,1,23:00,2,4,864.00
176,THOR AMOR Y TRUENO,2,17:00,1,10,2160.00
177,LIGHTYEAR,1,16:30,3,1,240.00
178,THOR AMOR Y TRUENO,3,23:00,4,1,240.00
179,THOR AMOR Y TRUENO,2,16:30,1,6,1296.00
180,PEQUEÑA FLOR,6,20:00,5,4,1260.00
181,THOR AMOR Y TRUENO,5,16:30,1,6,1890.00
182,JURASSIC WORLD DOMINIO,2,22:30,3,3,720.00
183,THOR AMOR Y TRUENO,6,23:00,1,9,2835.00
184,THOR AMOR Y TRUENO,2,17:00,1,10,2160.00
185,EL TELEFONO NEGRO,4,20:00,5,3,1050.00
186,DOG UN VIAJE SALVAJE,5,15:00,2,10,3150.00
187,THOR AMOR Y TRUENO,0,17:00,3,7,2205.00
188,MINIONS NACE UN VILLANO,5,20:00,4,9,2835.00
189,EL TELEFONO NEGRO,5,17:00,2,8,2520.00
190,LIGHTYEAR,4,17:00,3,2,700.00
191,EL TELEFONO NEGRO,4,16:30,4,6,1890.00
192,EL TELEFONO NEGRO,5,21:00,3,10,3150.00
193,DOG UN VIAJE SALVAJE,6,15:00,2,1,350.00
194,JURASSIC WORLD DOMINIO,0,20:00,2,2,700.00
195,MINIONS NACE UN VILLANO,0,01:15,4,8,2520.00
196,TODO EN TODAS PARTES AL MISMO TIEMPO,0,22:30,3,3,1050.00
197,TODO EN TODAS PARTES AL MISMO TIEMPO,0,17:00,3,9,2835.00
198,THOR AMOR Y TRUENO,4,01:15,4,2,700.00
199,TOP GUN MAVERICK,0,21:00,4,2,700.00
200,TODO EN TODAS PARTES AL MISMO TIEMPO,1,01:15,3,10,2160.00
201,JURASSIC WORLD DOMINIO,5,21:00,5,8,2520.00
202,LIGHTYEAR,3,00:45,5,5,1080.00
203,PEQUEÑA FLOR,3,23:00,1,5,1080.00
204,JURASSIC WORLD DOMINIO,2,17:00,4,4,864.00
205,JURASSIC WORLD DOMINIO,0,11:15,5,1,350.00
206,TOP GUN MAVERICK,4,20:00,1,9,2835.00
207,MINIONS NACE UN VILLANO,6,17:00,2,6,1890.00
208,EL TELEFONO NEGRO,4,01:15,2,3,1050.00
209,EL TELEFONO NEGRO,4,00:45,1,1,350.00
210,LIGHTYEAR,6,20:00,3,9,2835.00
211,JURASSIC WORLD DOMINIO,0,22:30,3,1,350.00
212,LIGHTYEAR,3,22:30,2,5,1080.00
213,DOG UN VIAJE SALVAJE,4,18:15,4,4,1260.00
214,MINIONS NACE UN VILLANO,1,23:00,3,10,2160.00
215,LIGHTYEAR,3,18:15,3,10,2160.00
216,DOG UN VIAJE SALVAJE,0,15:00,2,1,350.00
217,DOG UN VIAJE SALVAJE,5,22:30,4,9,2835.00
218,TODO EN TODAS PARTES AL MISMO TIEMPO,5,11:15,1,8,2520.00
219,LIGHTYEAR,5,20:00,5,8,2520.00
220,THOR AMOR Y TRUENO,0,16:30,5,7,2205.00
221,DOG UN VIAJE SALVAJE,2,11:15,3,7,1512.00
222,EL TELEFONO NEGRO,6,17:00,1,1,350.00
223,LIGHTYEAR,0,23:00,3,6,1890.00
224,MINIONS NACE UN VILLANO,4,11:15,2,10,3150.00
225,PEQUEÑA FLOR,5,01:15,5,10,3150.00
226,THOR AMOR Y TRUENO,3,00:45,4,9,1944.00
227,JURASSIC WORLD DOMINIO,5,20:00,1,8,2520.00
228,DOG UN VIAJE SALVAJE,5,00:45,2,4,1260.00
229,EL TELEFONO NEGRO,3,17:00,1,2,480.00
230,PEQUEÑA FLOR,5,22:30,3,8,2520.00
231,PEQUEÑA FLOR,6,23:00,2,2,700.00
232,THOR AMOR Y TRUENO,5,01:15,5,7,2205.00
233,PEQUEÑA FLOR,3,01:15,3,1,240.00
234,EL TELEFONO NEGRO,6,00:45,5,3,1050.00
235,PEQUEÑA FLOR,3,20:00,1,6,1296.00
236,PEQUEÑA FLOR,2,16:30,2,1,240.00
237,PEQUEÑA FLOR,5,22:30,2,7,2205.00
238,LIGHTYEAR,6,20:00,1,10,3150.00
239,THOR AMOR Y TRUENO,0,21:00,5,3,1050.00
240,MINIONS NACE UN VILLANO,1,18:15,4,6,1296.00
241,EL TELEFONO NEGRO,3,17:00,1,8,1728.00
242,PEQUEÑA FLOR,5,20:00,3,10,3150.00
243,PEQUEÑA FLOR,4,22:30,5,6,1890.00
244,LIGHTYEAR,6,11:15,2,4,1260.00
245,THOR AMOR Y TRUENO,0,20:00,3,5,1575.00
246,LIGHTYEAR,2,15:00,3,6,1296.00
247,TOP GUN MAVERICK,2,21:00,5,1,240.00
248,JURASSIC WORLD DOMINIO,6,15:00,5,1,350.00
249,THOR AMOR Y TRUENO,4,00:45,1,2,700.00
250,THOR AMOR Y TRUENO,5,21:00,5,7,2205.00
251,DOG UN VIAJE SALVAJE,2,16:30,2,3,720.00
252,EL TELEFONO NEGRO,6,17:00,3,5,1575.00
253,EL TELEFONO NEGRO,1,21:00,3,8,1728.00
254,PEQUEÑA FLOR,5,15:00,1,9,2835.00
255,TOP GUN MAVERICK,3,18:15,1,4,864.00
256,TODO EN TODAS PARTES AL MISMO TIEMPO,5,22:30,3,8,2520.00
257,MINIONS NACE UN VILLANO,3,20:00,4,1,240.00
258,PEQUEÑA FLOR,3,22:30,1,5,1080.00
259,MINIONS NACE UN VILLANO,4,15:00,1,3,1050.00
260,TOP GUN MAVERICK,2,21:00,2,10,2160.00
261,DOG UN VIAJE SALVAJE,6,00:45,2,2,700.00
262,THOR AMOR Y TRUENO,1,01:15,4,8,1728.00
263,PEQUEÑA FLOR,2,16:30,1,7,1512.00
264,LIGHTYEAR,6,16:30,4,5,1575.00
265,LIGHTYEAR,1,18:15,1,9,1944.00
266,TODO EN TODAS PARTES AL MISMO TIEMPO,6,01:15,4,10,3150.00
267,JURASSIC WORLD DOMINIO,6,11:15,3,2,700.00
268,TODO EN TODAS PARTES AL MISMO TIEMPO,4,11:15,3,4,1260.00
269,DOG UN VIAJE SALVAJE,6,22:30,5,1,350.00
270,JURASSIC WORLD DOMINIO,0,22:30,3,8,2520.00
271,LIGHTYEAR,3,17:00,1,1,240.00
272,EL TELEFONO NEGRO,1,17:00,4,10,2160.00
273,TOP GUN MAVERICK,0,00:45,2,6,1890.00
274,EL TELEFONO NEGRO,6,22:30,1,2,700.00
275,MINIONS NACE UN VILLANO,4,18:15,5,4,1260.00
276,JURASSIC WORLD DOMINIO,2,01:15,3,6,1296.00
277,THOR AMOR Y TRUENO,6,15:00,1,6,1890.00
278,LIGHTYEAR,4,21:00,1,4,1260.00
279,MINIONS NACE UN VILLANO,1,23:00,2,3,720.00
280,TODO EN TODAS PARTES AL MISMO TIEMPO,4,22:30,3,6,1890.00
281,EL TELEFONO NEGRO,0,01:15,5,3,1050.00
282,EL TELEFONO NEGRO,4,17:00,1,8,2520.00
283,LIGHTYEAR,1,11:15,2,1,240.00
284,LIGHTYEAR,5,15:00,4,9,2835.00
285,TOP GUN MAVERICK,6,00:45,2,1,350.00
286,THOR AMOR Y TRUENO,5,01:15,2,3,1050.00
287,MINIONS NACE UN VILLANO,4,20:00,1,9,2835.00
288,MINIONS NACE UN VILLANO,3,21:00,2,6,1296.00
289,THOR AMOR Y TRUENO,1,16:30,2,9,1944.00
290,THOR AMOR Y TRUENO,5,18:15,5,5,1575.00
291,LIGHTYEAR,6,17:00,2,7,2205.00
292,MINIONS NACE UN VILLANO,3,18:15,1,4,864.00
293,DOG UN VIAJE SALVAJE,1,01:15,1,4,864.00
294,EL TELEFONO NEGRO,1,23:00,1,8,1728.00
295,LIGHTYEAR,1,00:45,2,10,2160.00
296,JURASSIC WORLD DOMINIO,5,16:30,1,5,1575.00
297,TODO EN TODAS PARTES AL MISMO TIEMPO,1,21:00,2,10,2160.00
298,TOP GUN MAVERICK,4,23:00,3,4,1260.00
299,PEQUEÑA FLOR,6,21:00,4,4,1260.00
300,LIGHTYEAR,3,21:00,4,5,1080.00
301,TODO EN TODAS PARTES AL MISMO TIEMPO,3,18:15,1,10,2160.00
302,TOP GUN MAVERICK,1,01:15,5,1,240.00
303,MINIONS NACE UN VILLANO,0,23:00,4,6,1890.00
304,TOP GUN MAVERICK,6,15:00,5,8,2520.00
305,DOG UN VIAJE SALVAJE,3,22:30,5,5,1080.00
306,TOP GUN MAVERICK,3,15:00,2,3,720.00
307,TOP GUN MAVERICK,5,15:00,1,2,700.00
308,JURASSIC WORLD DOMINIO,1,18:15,2,1,240.00
309,EL TELEFONO NEGRO,2,21:00,4,6,1296.00
310,TOP GUN MAVERICK,4,18:15,5,10,3150.00
311,EL TELEFONO NEGRO,2,22:30,1,6,1296.00
312,PEQUEÑA FLOR,4,01:15,5,3,1050.00
313,EL TELEFONO NEGRO,6,20:00,5,5,1575.00
314,TODO EN TODAS PARTES AL MISMO TIEMPO,4,23:00,5,5,1575.00
315,THOR AMOR Y TRUENO,2,21:00,1,6,1296.00
316,TODO EN TODAS PARTES AL MISMO TIEMPO,6,00:45,5,2,700.00
317,DOG UN VIAJE SALVAJE,5,15:00,4,7,2205.00
318,JURASSIC WORLD DOMINIO,2,16:30,3,6,1296.00
319,LIGHTYEAR,4,01:15,4,1,350.00
320,THOR AMOR Y TRUENO,4,20:00,2,4,1260.00
321,TODO EN TODAS PARTES AL MISMO TIEMPO,1,21:00,4,10,2160.00
322,PEQUEÑA FLOR,3,18:15,3,8,1728.00
323,PEQUEÑA FLOR,1,21:00,2,4,864.00
324,THOR AMOR Y TRUENO,6,11:15,4,2,700.00
325,TODO EN TODAS PARTES AL MISMO TIEMPO,6,21:00,4,9,2835.00
326,LIGHTYEAR,4,23:00,3,1,350.00
327,TODO EN TODAS PARTES AL MISMO TIEMPO,2,00:45,1,7,1512.00
328,LIGHTYEAR,3,23:00,5,8,1728.00
329,TODO EN TODAS PARTES AL MISMO TIEMPO,1,17:00,3,9,1944.00
330,TODO EN TODAS PARTES AL MISMO TIEMPO,6,15:00,4,9,2835.00
331,PEQUEÑA FLOR,6,23:00,2,1,350.00
332,TOP GUN MAVERICK,6,21:00,3,3,1050.00
333,LIGHTYEAR,4,17:00,2,1,350.00
334,DOG UN VIAJE SALVAJE,2,18:15,4,6,1296.00
335,JURASSIC WORLD DOMINIO,6,21:00,2,9,2835.00
336,EL TELEFONO NEGRO,0,17:00,4,7,2205.00
337,TOP GUN MAVERICK,4,15:00,3,4,1260.00
338,TODO EN TODAS PARTES AL MISMO TIEMPO,2,20:00,4,2,480.00
339,JURASSIC WORLD DOMINIO,6,22:30,2,10,3150.00
340,TODO EN TODAS PARTES AL MISMO TIEMPO,2,17:00,1,3,720.00
341,TODO EN TODAS PARTES AL MISMO TIEMPO,5,01:15,4,3,1050.00
342,EL TELEFONO NEGRO,2,01:15,2,5,1080.00
343,TOP GUN MAVERICK,1,20:00,1,5,1080.00
344,LIGHTYEAR,0,16:30,5,4,1260.00
345,LIGHTYEAR,3,17:00,3,8,1728.00
346,TOP GUN MAVERICK,1,17:00,5,2,480.00
347,TOP GUN MAVERICK,6,22:30,5,5,1575.00
348,DOG UN VIAJE SALVAJE,6,23:00,5,4,1260.00
349,EL TELEFONO NEGRO,6,20:00,1,8,2520.00
350,THOR AMOR Y TRUENO,1,16:30,1,6,1296.00
351,PEQUEÑA FLOR,4,00:45,4,4,1260.00
352,PEQUEÑA FLOR,0,17:00,2,10,3150.00
353,EL TELEFONO NEGRO,6,01:15,3,7,2205.00
354,LIGHTYEAR,6,11:15,1,9,2835.00
355,EL TELEFONO NEGRO,1,17:00,4,10,2160.00
356,JURASSIC WORLD DOMINIO,5,00:45,1,1,350.00
357,LIGHTYEAR,3,18:15,4,1,240.00
358,EL TELEFONO NEGRO,6,00:45,1,4,1260.00
359,THOR AMOR Y TRUENO,2,15:00,4,8,1728.00
360,TOP GUN MAVERICK,0,17:00,4,8,2520.00
361,TODO EN TODAS PARTES AL MISMO TIEMPO,2,00:45,3,7,1512.00
362,THOR AMOR Y TRUENO,2,18:15,4,4,864.00
363,THOR AMOR Y TRUENO,0,22:30,1,9,2835.00
364,TODO EN TODAS PARTES AL MISMO TIEMPO,6,21:00,4,7,2205.00
365,TODO EN TODAS PARTES AL MISMO TIEMPO,6,22:30,2,6,1890.00
366,JURASSIC WORLD DOMINIO,3,15:00,3,10,2160.00
367,TODO EN TODAS PARTES AL MISMO TIEMPO,1,20:00,4,4,864.00
368,THOR AMOR Y TRUENO,3,17:00,2,10,2160.00
369,MINIONS NACE UN VILLANO,6,00:45,3,8,2520.00
370,JURASSIC WORLD DOMINIO,3,17:00,4,1,240.00
371,LIGHTYEAR,2,20:00,3,10,2160.00
372,EL TELEFONO NEGRO,4,17:00,5,5,1575.00
373,PEQUEÑA FLOR,5,21:00,3,10,3150.00
374,EL TELEFONO NEGRO,3,00:45,1,5,1080.00
375,TOP GUN MAVERICK,2,22:30,1,2,480.00
376,DOG UN VIAJE SALVAJE,2,15:00,2,1,240.00
377,PEQUEÑA FLOR,0,16:30,5,4,1260.00
378,PEQUEÑA FLOR,1,22:30,1,4,864.00
379,THOR AMOR Y TRUENO,5,16:30,2,10,3150.00
380,DOG UN VIAJE SALVAJE,4,18:15,5,5,1575.00
381,LIGHTYEAR,3,23:00,4,1,240.00
382,THOR AMOR Y TRUENO,4,21:00,5,10,3150.00
383,THOR AMOR Y TRUENO,1,15:00,2,7,1512.00
384,MINIONS NACE UN VILLANO,2,17:00,2,6,1296.00
385,PEQUEÑA FLOR,2,11:15,5,8,1728.00
386,PEQUEÑA FLOR,5,01:15,4,9,2835.00
387,EL TELEFONO NEGRO,6,15:00,3,9,2835.00
388,TODO EN TODAS PARTES AL MISMO TIEMPO,1,23:00,3,5,1080.00
389,DOG UN VIAJE SALVAJE,5,18:15,3,5,1575.00
390,PEQUEÑA FLOR,6,15:00,1,10,3150.00
391,EL TELEFONO NEGRO,4,15:00,3,4,1260.00
392,TODO EN TODAS PARTES AL MISMO TIEMPO,5,23:00,3,9,2835.00
393,DOG UN VIAJE SALVAJE,4,21:00,1,10,3150.00
394,JURASSIC WORLD DOMINIO,3,18:15,5,4,864.00
395,JURASSIC WORLD DOMINIO,1,20:00,1,5,1080.00
396,JURASSIC WORLD DOMINIO,4,21:00,2,7,2205.00
397,THOR AMOR Y TRUENO,0,15:00,1,3,1050.00
398,PEQUEÑA FLOR,3,22:30,5,4,864.00
399,TODO EN TODAS PARTES AL MISMO TIEMPO,2,17:00,5,3,720.00
400,LIGHTYEAR,4,20:00,1,9,2835.00
401,MINIONS NACE UN VILLANO,5,22:30,3,1,350.00
402,TODO EN TODAS PARTES AL MISMO TIEMPO,0,23:00,2,6,1890.00
403,THOR AMOR Y TRUENO,6,23:00,5,2,700.00
404,DOG UN VIAJE SALVAJE,1,20:00,2,10,2160.00
405,LIGHTYEAR,5,23:00,1,2,700.00
406,LIGHTYEAR,3,11:15,1,7,1512.00
407,DOG UN VIAJE SALVAJE,5,01:15,5,3,1050.00
408,TOP GUN MAVERICK,4,01:15,3,10,3150.00
409,MINIONS NACE UN VILLANO,3,00:45,1,4,864.00
410,JURASSIC WORLD DOMINIO,0,17:00,3,10,3150.00
411,THOR AMOR Y TRUENO,0,22:30,3,1,350.00
412,PEQUEÑA FLOR,3,22:30,2,5,1080.00
413,LIGHTYEAR,0,17:00,1,9,2835.00
414,EL TELEFONO NEGRO,2,17:00,3,1,240.00
415,THOR AMOR Y TRUENO,4,22:30,2,8,2520.00
416,EL TELEFONO NEGRO,1,00:45,5,5,1080.00
417,PEQUEÑA FLOR,2,01:15,4,10,2160.00
418,JURASSIC WORLD DOMINIO,6,17:00,5,1,350.00
419,EL TELEFONO NEGRO,0,00:45,5,10,3150.00
420,LIGHTYEAR,6,22:30,5,6,1890.00
421,PEQUEÑA FLOR,1,20:00,2,1,240.00
422,MINIONS NACE UN VILLANO,0,01:15,1,3,1050.00
423,MINIONS NACE UN VILLANO,2,23:00,1,7,1512.00
424,MINIONS NACE UN VILLANO,0,21:00,1,2,700.00
425,JURASSIC WORLD DOMINIO,3,17:00,5,4,864.00
426,EL TELEFONO NEGRO,0,01:15,5,9,2835.00
427,TOP GUN MAVERICK,0,22:30,4,10,3150.00
428,TOP GUN MAVERICK,2,22:30,2,5,1080.00
429,TOP GUN MAVERICK,6,20:00,1,6,1890.00
430,LIGHTYEAR,3,15:00,5,5,1080.00
431,DOG UN VIAJE SALVAJE,2,01:15,4,9,1944.00
432,THOR AMOR Y TRUENO,5,01:15,1,7,2205.00
433,MINIONS NACE UN VILLANO,0,22:30,1,9,2835.00
434,JURASSIC WORLD DOMINIO,5,23:00,4,8,2520.00
435,PEQUEÑA FLOR,3,17:00,3,10,2160.00
436,TOP GUN MAVERICK,1,01:15,4,4,864.00
437,MINIONS NACE UN VILLANO,1,20:00,4,7,1512.00
438,TOP GUN MAVERICK,1,17:00,1,10,2160.00
439,JURASSIC WORLD DOMINIO,1,18:15,2,1,240.00
440,TODO EN TODAS PARTES AL MISMO TIEMPO,3,23:00,2,2,480.00
441,EL TELEFONO NEGRO,2,11:15,4,6,1296.00
442,TOP GUN MAVERICK,6,23:00,3,1,350.00
443,TODO EN TODAS PARTES AL MISMO TIEMPO,4,21:00,3,6,1890.00
444,TODO EN TODAS PARTES AL MISMO TIEMPO,6,21:00,2,7,2205.00
445,MINIONS NACE UN VILLANO,4,20:00,5,8,2520.00
446,DOG UN VIAJE SALVAJE,6,22:30,3,1,350.00
447,DOG UN VIAJE SALVAJE,5,20:00,1,3,1050.00
448,DOG UN VIAJE SALVAJE,1,01:15,5,8,1728.00
449,MINIONS NACE UN VILLANO,0,18:15,3,1,350.00
450,TODO EN TODAS PARTES AL MISMO TIEMPO,0,01:15,4,1,350.00
451,THOR AMOR Y TRUENO,4,21:00,1,7,2205.00
452,LIGHTYEAR,1,01:15,2,6,1296.00
453,JURASSIC WORLD DOMINIO,6,23:00,5,10,3150.00
454,LIGHTYEAR,3,17:00,4,9,1944.00
455,MINIONS NACE UN VILLANO,2,23:00,2,10,2160.00
456,JURASSIC WORLD DOMINIO,4,00:45,1,7,2205.00
457,THOR AMOR Y TRUENO,2,17:00,2,6,1296.00
458,TOP GUN MAVERICK,4,23:00,1,6,1890.00
459,EL TELEFONO NEGRO,3,11:15,4,3,720.00
460,DOG UN VIAJE SALVAJE,0,01:15,1,7,2205.00
461,LIGHTYEAR,2,20:00,3,4,864.00
462,TODO EN TODAS PARTES AL MISMO TIEMPO,4,17:00,4,2,700.00
463,DOG UN VIAJE SALVAJE,3,20:00,2,3,720.00
464,PEQUEÑA FLOR,1,22:30,5,3,720.00
465,JURASSIC WORLD DOMINIO,0,21:00,2,2,700.00
466,TOP GUN MAVERICK,6,20:00,3,5,1575.00
467,EL TELEFONO NEGRO,2,01:15,5,1,240.00
468,JURASSIC WORLD DOMINIO,4,23:00,5,5,1575.00
469,TOP GUN MAVERICK,0,11:15,1,3,1050.00
470,TOP GUN MAVERICK,4,11:15,3,2,700.00
471,LIGHTYEAR,4,20:00,5,4,1260.00
472,MINIONS NACE UN VILLANO,3,18:15,3,6,1296.00
473,THOR AMOR Y TRUENO,3,21:00,1,10,2160.00
474,TODO EN TODAS PARTES AL MISMO TIEMPO,4,18:15,3,10,3150.00
475,TODO EN TODAS PARTES AL MISMO TIEMPO,5,18:15,2,8,2520.00
476,EL TELEFONO NEGRO,3,00:45,5,2,480.00
477,EL TELEFONO NEGRO,2,16:30,4,4,864.00
478,TOP GUN MAVERICK,0,22:30,4,5,1575.00
479,PEQUEÑA FLOR,4,16:30,3,9,2835.00
480,EL TELEFONO NEGRO,0,17:00,2,4,1260.00
481,LIGHTYEAR,0,15:00,2,3,1050.00
482,MINIONS NACE UN VILLANO,0,20:00,4,9,2835.00
483,EL TELEFONO NEGRO,4,16:30,4,9,2835.00
484,EL TELEFONO NEGRO,4,18:15,1,2,700.00
485,DOG UN VIAJE SALVAJE,1,22:30,1,4,864.00
486,THOR AMOR Y TRUENO,5,17:00,4,6,1890.00
487,TOP GUN MAVERICK,1,01:15,3,10,2160.00
488,PEQUEÑA FLOR,3,17:00,4,5,1080.00
489,PEQUEÑA FLOR,0,16:30,5,4,1260.00
490,PEQUEÑA FLOR,6,16:30,3,6,1890.00
491,PEQUEÑA FLOR,5,15:00,4,7,2205.00
492,PEQUEÑA FLOR,3,11:15,1,10,2160.00
493,TODO EN TODAS PARTES AL MISMO TIEMPO,2,18:15,4,1,240.00
494,MINIONS NACE UN VILLANO,2,00:45,1,2,480.00
495,DOG UN VIAJE SALVAJE,2,11:15,3,3,720.00
496,TODO EN TODAS PARTES AL MISMO TIEMPO,3,21:00,3,1,240.00
497,LIGHTYEAR,2,20:00,2,7,1512.00
498,DOG UN VIAJE SALVAJE,1,15:00,5,8,1728.00
499,DOG UN VIAJE SALVAJE,3,00:45,1,9,1944.00
500,JURASSIC WORLD DOMINIO,4,16:30,1,6,1890.00
501,EL TELEFONO NEGRO,0,20:00,3,4,1260.00
502,TOP GUN MAVERICK,5,23:00,1,7,2205.00
503,LIGHTYEAR,3,17:00,3,10,2160.00
504,PEQUEÑA FLOR,6,01:15,1,4,1260.00
505,TOP GUN MAVERICK,4,18:15,5,6,1890.00
506,PEQUEÑA FLOR,4,22:30,4,4,1260.00
507,TODO EN TODAS PARTES AL MISMO TIEMPO,1,15:00,3,1,240.00
508,DOG UN VIAJE SALVAJE,1,23:00,4,7,1512.00
509,THOR AMOR Y TRUENO,0,16:30,2,4,1260.00
510,TOP GUN MAVERICK,6,23:00,4,5,1575.00
511,EL TELEFONO NEGRO,0,11:15,2,6,1890.00
512,TOP GUN MAVERICK,4,17:00,2,7,2205.00
513,JURASSIC WORLD DOMINIO,6,11:15,1,10,3150.00
514,THOR AMOR Y TRUENO,6,15:00,3,8,2520.00
515,TODO EN TODAS PARTES AL MISMO TIEMPO,1,21:00,2,8,1728.00
516,PEQUEÑA FLOR,0,01:15,4,10,3150.00
517,THOR AMOR Y TRUENO,5,00:45,4,8,2520.00
518,TOP GUN MAVERICK,6,11:15,5,7,2205.00
519,EL TELEFONO NEGRO,5,22:30,5,6,1890.00
520,MINIONS NACE UN VILLANO,0,22:30,5,5,1575.00
521,JURASSIC WORLD DOMINIO,1,18:15,4,3,720.00
522,TODO EN TODAS PARTES AL MISMO TIEMPO,1,20:00,1,2,480.00
523,LIGHTYEAR,3,23:00,2,5,1080.00
524,PEQUEÑA FLOR,1,16:30,3,8,1728.00
525,THOR AMOR Y TRUENO,1,11:15,2,1,240.00
526,LIGHTYEAR,5,23:00,2,1,350.00
527,THOR AMOR Y TRUENO,5,23:00,2,9,2835.00
528,THOR AMOR Y TRUENO,2,20:00,2,8,1728.00
529,DOG UN VIAJE SALVAJE,3,01:15,2,4,864.00
530,THOR AMOR Y TRUENO,5,11:15,3,1,350.00
531,MINIONS NACE UN VILLANO,6,15:00,3,7,2205.00
532,THOR AMOR Y TRUENO,0,01:15,2,2,700.00
533,LIGHTYEAR,6,11:15,5,2,700.00
534,JURASSIC WORLD DOMINIO,2,23:00,2,7,1512.00
535,TODO EN TODAS PARTES AL MISMO TIEMPO,0,21:00,1,1,350.00
536,PEQUEÑA FLOR,0,22:30,3,10,3150.00
537,TOP GUN MAVERICK,1,22:30,2,1,240.00
538,TODO EN TODAS PARTES AL MISMO TIEMPO,0,22:30,3,3,1050.00
539,MINIONS NACE UN VILLANO,4,21:00,4,1,350.00
540,EL TELEFONO NEGRO,2,11:15,3,10,2160.00
541,DOG UN VIAJE SALVAJE,2,23:00,3,4,864.00
542,MINIONS NACE UN VILLANO,1,15:00,3,5,1080.00
543,TOP GUN MAVERICK,5,01:15,3,9,2835.00
544,TODO EN TODAS PARTES AL MISMO TIEMPO,2,15:00,1,3,720.00
545,EL TELEFONO NEGRO,1,11:15,4,6,1296.00
546,LIGHTYEAR,3,20:00,3,1,240.00
547,TOP GUN MAVERICK,4,23:00,1,3,1050.00
548,THOR AMOR Y TRUENO,2,16:30,3,7,1512.00
549,THOR AMOR Y TRUENO,2,11:15,1,4,864.00
550,DOG UN VIAJE SALVAJE,2,00:45,5,7,1512.00
551,PEQUEÑA FLOR,0,16:30,3,7,2205.00
552,JURASSIC WORLD DOMINIO,5,15:00,1,6,1890.00
553,EL TELEFONO NEGRO,6,00:45,3,10,3150.00
554,MINIONS NACE UN VILLANO,0,23:00,2,2,700.00
555,PEQUEÑA FLOR,5,01:15,4,10,3150.00
556,THOR AMOR Y TRUENO,5,22:30,4,9,2835.00
557,DOG UN VIAJE SALVAJE,0,01:15,1,1,350.00
558,TOP GUN MAVERICK,6,11:15,1,1,350.00
559,PEQUEÑA FLOR,2,23:00,1,7,1512.00
560,LIGHTYEAR,3,20:00,5,2,480.00
561,PEQUEÑA FLOR,0,16:30,1,10,3150.00
562,TOP GUN MAVERICK,4,23:00,2,5,1575.00
563,JURASSIC WORLD DOMINIO,5,23:00,2,2,700.00
564,PEQUEÑA FLOR,5,00:45,1,9,2835.00
565,TOP GUN MAVERICK,5,23:00,5,3,1050.00
566,THOR AMOR Y TRUENO,2,16:30,1,5,1080.00
567,JURASSIC WORLD DOMINIO,1,17:00,3,4,864.00
568,MINIONS NACE UN VILLANO,1,23:00,5,3,720.00
569,DOG UN VIAJE SALVAJE,2,16:30,1,2,480.00
570,PEQUEÑA FLOR,2,17:00,3,5,1080.00
571,TODO EN TODAS PARTES AL MISMO TIEMPO,4,15:00,5,9,2835.00
572,MINIONS NACE UN VILLANO,2,22:30,1,2,480.00
573,JURASSIC WORLD DOMINIO,2,20:00,2,8,1728.00
574,LIGHTYEAR,3,01:15,1,2,480.00
575,JURASSIC WORLD DOMINIO,1,22:30,1,2,480.00
576,THOR AMOR Y TRUENO,3,11:15,5,8,1728.00
577,TODO EN TODAS PARTES AL MISMO TIEMPO,1,20:00,4,10,2160.00
578,JURASSIC WORLD DOMINIO,4,20:00,4,1,350.00
579,TODO EN TODAS PARTES AL MISMO TIEMPO,2,23:00,1,7,1512.00
580,PEQUEÑA FLOR,3,16:30,5,7,1512.00
581,JURASSIC WORLD DOMINIO,6,15:00,4,7,2205.00
582,THOR AMOR Y TRUENO,1,16:30,1,2,480.00
583,JURASSIC WORLD DOMINIO,1,18:15,2,10,2160.00
584,LIGHTYEAR,6,15:00,2,7,2205.00
585,TODO EN TODAS PARTES AL MISMO TIEMPO,1,20:00,3,7,1512.00
586,TODO EN TODAS PARTES AL MISMO TIEMPO,1,15:00,2,4,864.00
587,TODO EN TODAS PARTES AL MISMO TIEMPO,3,16:30,3,7,1512.00
588,THOR AMOR Y TRUENO,1,16:30,1,9,1944.00
589,MINIONS NACE UN VILLANO,3,20:00,3,1,240.00
590,LIGHTYEAR,0,21:00,1,9,2835.00
591,PEQUEÑA FLOR,2,16:30,4,3,720.00
592,TOP GUN MAVERICK,2,18:15,5,6,1296.00
593,MINIONS NACE UN VILLANO,2,18:15,2,3,720.00
594,EL TELEFONO NEGRO,1,22:30,3,10,2160.00
595,THOR AMOR Y TRUENO,3,18:15,4,9,1944.00
596,LIGHTYEAR,2,23:00,3,3,720.00
597,PEQUEÑA FLOR,2,18:15,4,10,2160.00
598,LIGHTYEAR,1,21:00,5,5,1080.00
599,LIGHTYEAR,6,11:15,5,2,700.00
600,EL TELEFONO NEGRO,3,16:30,5,1,240.00
601,THOR AMOR Y TRUENO,2,15:00,1,8,1728.00
602,DOG UN VIAJE SALVAJE,6,17:00,3,10,3150.00
603,JURASSIC WORLD DOMINIO,2,22:30,4,5,1080.00
604,EL TELEFONO NEGRO,4,18:15,4,8,2520.00
605,EL TELEFONO NEGRO,4,22:30,5,9,2835.00
606,TODO EN TODAS PARTES AL MISMO TIEMPO,1,16:30,1,9,1944.00
607,TOP GUN MAVERICK,0,15:00,3,3,1050.00
608,EL TELEFONO NEGRO,0,15:00,4,6,1890.00
609,MINIONS NACE UN VILLANO,6,18:15,2,2,700.00
610,JURASSIC WORLD DOMINIO,4,21:00,3,1,350.00
611,TOP GUN MAVERICK,4,15:00,4,8,2520.00
612,MINIONS NACE UN VILLANO,1,23:00,1,9,1944.00
613,PEQUEÑA FLOR,3,17:00,2,3,720.00
614,MINIONS NACE UN VILLANO,1,21:00,5,5,1080.00
615,EL TELEFONO NEGRO,1,01:15,3,2,480.00
616,TOP GUN MAVERICK,5,22:30,2,4,1260.00
617,THOR AMOR Y TRUENO,3,01:15,4,10,2160.00
618,TODO EN TODAS PARTES AL MISMO TIEMPO,0,16:30,3,1,350.00
619,MINIONS NACE UN VILLANO,2,23:00,3,7,1512.00
620,THOR AMOR Y TRUENO,0,11:15,4,9,2835.00
621,DOG UN VIAJE SALVAJE,2,01:15,3,5,1080.00
622,TOP GUN MAVERICK,4,11:15,5,8,2520.00
623,TOP GUN MAVERICK,1,16:30,5,8,1728.00
624,TOP GUN MAVERICK,4,15:00,4,2,700.00
625,JURASSIC WORLD DOMINIO,1,22:30,1,3,720.00
626,TODO EN TODAS PARTES AL MISMO TIEMPO,5,21:00,5,9,2835.00
627,THOR AMOR Y TRUENO,2,20:00,4,7,1512.00
628,MINIONS NACE UN VILLANO,3,20:00,3,6,1296.00
629,TOP GUN MAVERICK,6,20:00,4,4,1260.00
630,MINIONS NACE UN VILLANO,3,22:30,5,10,2160.00
631,PEQUEÑA FLOR,5,23:00,4,7,2205.00
632,LIGHTYEAR,5,11:15,4,6,1890.00
633,EL TELEFONO NEGRO,1,20:00,1,7,1512.00
634,THOR AMOR Y TRUENO,3,16:30,2,3,720.00
635,MINIONS NACE UN VILLANO,1,22:30,3,7,1512.00
636,TOP GUN MAVERICK,5,11:15,1,1,350.00
637,MINIONS NACE UN VILLANO,6,16:30,4,1,350.00
638,MINIONS NACE UN VILLANO,0,21:00,4,9,2835.00
639,MINIONS NACE UN VILLANO,1,11:15,2,1,240.00
640,EL TELEFONO NEGRO,2,20:00,3,10,2160.00
641,MINIONS NACE UN VILLANO,1,17:00,3,4,864.00
642,TOP GUN MAVERICK,5,21:00,3,1,350.00
643,PEQUEÑA FLOR,3,11:15,2,4,864.00
644,THOR AMOR Y TRUENO,6,18:15,5,9,2835.00
645,MINIONS NACE UN VILLANO,5,18:15,1,2,700.00
646,EL TELEFONO NEGRO,6,15:00,5,4,1260.00
647,EL TELEFONO NEGRO,5,15:00,3,2,700.00
648,DOG UN VIAJE SALVAJE,5,17:00,1,4,1260.00
649,PEQUEÑA FLOR,3,11:15,1,8,1728.00
650,EL TELEFONO NEGRO,3,15:00,3,1,240.00
651,LIGHTYEAR,2,21:00,3,8,1728.00
652,JURASSIC WORLD DOMINIO,1,16:30,1,8,1728.00
653,TODO EN TODAS PARTES AL MISMO TIEMPO,1,21:00,5,7,1512.00
654,MINIONS NACE UN VILLANO,1,16:30,3,8,1728.00
655,TOP GUN MAVERICK,1,21:00,5,5,1080.00
656,MINIONS NACE UN VILLANO,3,17:00,4,4,864.00
657,TOP GUN MAVERICK,6,21:00,4,9,2835.00
658,JURASSIC WORLD DOMINIO,2,15:00,5,9,1944.00
659,TOP GUN MAVERICK,3,15:00,5,6,1296.00
660,LIGHTYEAR,2,00:45,2,1,240.00
661,THOR AMOR Y TRUENO,4,20:00,2,10,3150.00
662,TOP GUN MAVERICK,6,00:45,2,9,2835.00
663,LIGHTYEAR,3,11:15,2,1,240.00
664,MINIONS NACE UN VILLANO,6,22:30,5,10,3150.00
665,DOG UN VIAJE SALVAJE,5,16:30,5,10,3150.00
666,JURASSIC WORLD DOMINIO,5,01:15,3,1,350.00
667,JURASSIC WORLD DOMINIO,3,23:00,3,5,1080.00
668,DOG UN VIAJE SALVAJE,1,00:45,2,7,1512.00
669,EL TELEFONO NEGRO,1,17:00,2,8,1728.00
670,THOR AMOR Y TRUENO,0,22:30,2,7,2205.00
671,THOR AMOR Y TRUENO,3,16:30,5,4,864.00
672,EL TELEFONO NEGRO,1,22:30,4,3,720.00
673,THOR AMOR Y TRUENO,0,16:30,1,1,350.00
674,JURASSIC WORLD DOMINIO,1,16:30,2,7,1512.00
675,JURASSIC WORLD DOMINIO,3,22:30,4,6,1296.00
676,LIGHTYEAR,2,15:00,5,6,1296.00
677,PEQUEÑA FLOR,3,22:30,2,10,2160.00
678,THOR AMOR Y TRUENO,0,01:15,5,2,700.00
679,THOR AMOR Y TRUENO,6,20:00,3,4,1260.00
680,TOP GUN MAVERICK,1,15:00,1,2,480.00
681,JURASSIC WORLD DOMINIO,4,00:45,4,10,3150.00
682,TOP GUN MAVERICK,6,17:00,4,10,3150.00
683,JURASSIC WORLD DOMINIO,2,17:00,5,10,2160.00
684,EL TELEFONO NEGRO,4,15:00,5,6,1890.00
685,JURASSIC WORLD DOMINIO,2,16:30,1,6,1296.00
686,THOR AMOR Y TRUENO,6,01:15,3,4,1260.00
687,MINIONS NACE UN VILLANO,0,17:00,4,4,1260.00
688,EL TELEFONO NEGRO,2,01:15,4,10,2160.00
689,EL TELEFONO NEGRO,6,01:15,3,6,1890.00
690,MINIONS NACE UN VILLANO,5,15:00,1,5,1575.00
691,TOP GUN MAVERICK,6,01:15,1,8,2520.00
692,JURASSIC WORLD DOMINIO,4,01:15,2,10,3150.00
693,EL TELEFONO NEGRO,3,01:15,5,10,2160.00
694,THOR AMOR Y TRUENO,2,11:15,4,2,480.00
695,TOP GUN MAVERICK,3,11:15,5,3,720.00
696,THOR AMOR Y TRUENO,5,15:00,5,5,1575.00
697,JURASSIC WORLD DOMINIO,1,11:15,3,2,480.00
698,LIGHTYEAR,3,21:00,4,2,480.00
699,EL TELEFONO NEGRO,6,23:00,2,1,350.00
700,THOR AMOR Y TRUENO,3,20:00,4,2,480.00
701,TOP GUN MAVERICK,4,21:00,5,10,3150.00
702,TOP GUN MAVERICK,3,22:30,5,7,1512.00
703,DOG UN VIAJE SALVAJE,5,22:30,2,6,1890.00
704,DOG UN VIAJE SALVAJE,2,20:00,2,6,1296.00
705,THOR AMOR Y TRUENO,1,23:00,3,4,864.00
706,TODO EN TODAS PARTES AL MISMO TIEMPO,2,23:00,2,1,240.00
707,PEQUEÑA FLOR,5,11:15,1,8,2520.00
708,EL TELEFONO NEGRO,6,01:15,3,5,1575.00
709,DOG UN VIAJE SALVAJE,2,20:00,5,4,864.00
710,DOG UN VIAJE SALVAJE,5,01:15,2,1,350.00
711,JURASSIC WORLD DOMINIO,5,15:00,1,8,2520.00
712,PEQUEÑA FLOR,3,23:00,2,7,1512.00
713,TOP GUN MAVERICK,2,21:00,2,10,2160.00
714,TODO EN TODAS PARTES AL MISMO TIEMPO,1,11:15,3,2,480.00
715,JURASSIC WORLD DOMINIO,1,20:00,1,2,480.00
716,PEQUEÑA FLOR,1,16:30,4,1,240.00
717,TOP GUN MAVERICK,4,22:30,5,6,1890.00
718,MINIONS NACE UN VILLANO,0,18:15,1,7,2205.00
719,TOP GUN MAVERICK,4,00:45,5,1,350.00
720,MINIONS NACE UN VILLANO,3,17:00,5,3,720.00
721,THOR AMOR Y TRUENO,3,18:15,3,5,1080.00
722,THOR AMOR Y TRUENO,2,15:00,5,8,1728.00
723,MINIONS NACE UN VILLANO,1,23:00,1,4,864.00
724,TODO EN TODAS PARTES AL MISMO TIEMPO,4,22:30,5,9,2835.00
725,THOR AMOR Y TRUENO,3,01:15,2,10,2160.00
726,TODO EN TODAS PARTES AL MISMO TIEMPO,0,17:00,4,7,2205.00
727,TODO EN TODAS PARTES AL MISMO TIEMPO,5,15:00,2,6,1890.00
728,TOP GUN MAVERICK,1,01:15,3,3,720.00
729,LIGHTYEAR,3,23:00,2,3,720.00
730,EL TELEFONO NEGRO,4,01:15,4,5,1575.00
731,TOP GUN MAVERICK,4,11:15,4,9,2835.00
732,MINIONS NACE UN VILLANO,2,18:15,4,5,1080.00
733,LIGHTYEAR,6,17:00,4,8,2520.00
734,THOR AMOR Y TRUENO,5,20:00,3,9,2835.00
735,PEQUEÑA FLOR,1,15:00,3,8,1728.00
736,MINIONS NACE UN VILLANO,3,11:15,1,6,1296.00
737,EL TELEFONO NEGRO,6,00:45,4,1,350.00
738,MINIONS NACE UN VILLANO,1,20:00,3,5,1080.00
739,MINIONS NACE UN VILLANO,3,16:30,3,7,1512.00
740,LIGHTYEAR,2,01:15,5,4,864.00
741,THOR AMOR Y TRUENO,1,16:30,2,4,864.00
742,LIGHTYEAR,4,18:15,2,1,350.00
743,DOG UN VIAJE SALVAJE,2,18:15,2,8,1728.00
744,TODO EN TODAS PARTES AL MISMO TIEMPO,2,00:45,5,9,1944.00
745,TODO EN TODAS PARTES AL MISMO TIEMPO,1,17:00,5,3,720.00
746,MINIONS NACE UN VILLANO,5,20:00,3,2,700.00
747,DOG UN VIAJE SALVAJE,6,00:45,4,6,1890.00
748,TOP GUN MAVERICK,6,21:00,3,9,2835.00
749,PEQUEÑA FLOR,0,18:15,5,9,2835.00
750,LIGHTYEAR,2,11:15,3,10,2160.00
751,EL TELEFONO NEGRO,6,11:15,2,2,700.00
752,THOR AMOR Y TRUENO,2,17:00,3,6,1296.00
753,TODO EN TODAS PARTES AL MISMO TIEMPO,6,23:00,3,3,1050.00
754,THOR AMOR Y TRUENO,2,15:00,4,2,480.00
755,THOR AMOR Y TRUENO,5,20:00,2,10,3150.00
756,LIGHTYEAR,4,20:00,1,2,700.00
757,MINIONS NACE UN VILLANO,0,23:00,3,6,1890.00
758,TODO EN TODAS PARTES AL MISMO TIEMPO,3,17:00,2,5,1080.00
759,TODO EN TODAS PARTES AL MISMO TIEMPO,4,01:15,3,9,2835.00
760,TODO EN TODAS PARTES AL MISMO TIEMPO,6,20:00,5,10,3150.00
761,DOG UN VIAJE SALVAJE,0,00:45,3,5,1575.00
762,DOG UN VIAJE SALVAJE,6,21:00,2,8,2520.00
763,JURASSIC WORLD DOMINIO,2,18:15,4,9,1944.00
764,LIGHTYEAR,2,16:30,5,7,1512.00
765,JURASSIC WORLD DOMINIO,2,18:15,1,2,480.00
766,TODO EN TODAS PARTES AL MISMO TIEMPO,6,16:30,3,1,350.00
767,JURASSIC WORLD DOMINIO,5,00:45,2,8,2520.00
768,TOP GUN MAVERICK,3,18:15,4,1,240.00
769,TOP GUN MAVERICK,0,16:30,4,6,1890.00
770,MINIONS NACE UN VILLANO,4,20:00,3,4,1260.00
771,JURASSIC WORLD DOMINIO,6,21:00,1,1,350.00
772,PEQUEÑA FLOR,1,18:15,4,9,1944.00
773,LIGHTYEAR,5,21:00,2,7,2205.00
774,TOP GUN MAVERICK,4,22:30,4,10,3150.00
775,TOP GUN MAVERICK,6,22:30,4,1,350.00
776,PEQUEÑA FLOR,1,01:15,3,4,864.00
777,DOG UN VIAJE SALVAJE,1,22:30,5,9,1944.00
778,MINIONS NACE UN VILLANO,3,16:30,1,5,1080.00
779,JURASSIC WORLD DOMINIO,1,17:00,2,9,1944.00
780,DOG UN VIAJE SALVAJE,6,16:30,3,8,2520.00
781,LIGHTYEAR,0,11:15,3,6,1890.00
782,JURASSIC WORLD DOMINIO,5,23:00,4,3,1050.00
783,JURASSIC WORLD DOMINIO,5,21:00,4,2,700.00
784,TODO EN TODAS PARTES AL MISMO TIEMPO,1,20:00,1,4,864.00
785,TOP GUN MAVERICK,4,00:45,1,3,1050.00
786,JURASSIC WORLD DOMINIO,2,21:00,1,3,720.00
787,TODO EN TODAS PARTES AL MISMO TIEMPO,1,18:15,5,9,1944.00
788,JURASSIC WORLD DOMINIO,2,00:45,5,7,1512.00
789,TODO EN TODAS PARTES AL MISMO TIEMPO,5,17:00,5,6,1890.00
790,THOR AMOR Y TRUENO,1,18:15,1,7,1512.00
791,DOG UN VIAJE SALVAJE,3,16:30,4,7,1512.00
792,EL TELEFONO NEGRO,3,11:15,2,3,720.00
793,LIGHTYEAR,4,16:30,1,3,1050.00
794,MINIONS NACE UN VILLANO,2,15:00,4,8,1728.00
795,JURASSIC WORLD DOMINIO,4,11:15,1,10,3150.00
796,TODO EN TODAS PARTES AL MISMO TIEMPO,5,01:15,3,10,3150.00
797,MINIONS NACE UN VILLANO,6,22:30,3,10,3150.00
798,DOG UN VIAJE SALVAJE,5,15:00,5,1,350.00
799,TODO EN TODAS PARTES AL MISMO TIEMPO,1,23:00,5,8,1728.00
800,MINIONS NACE UN VILLANO,1,11:15,4,6,1296.00
801,DOG UN VIAJE SALVAJE,3,11:15,3,7,1512.00
802,TODO EN TODAS PARTES AL MISMO TIEMPO,5,22:30,4,7,2205.00
803,MINIONS NACE UN VILLANO,0,17:00,2,7,2205.00
804,TODO EN TODAS PARTES AL MISMO TIEMPO,6,22:30,5,2,700.00
805,TODO EN TODAS PARTES AL MISMO TIEMPO,5,16:30,1,8,2520.00
806,TOP GUN MAVERICK,2,11:15,1,5,1080.00
807,TODO EN TODAS PARTES AL MISMO TIEMPO,1,20:00,1,9,1944.00
808,TODO EN TODAS PARTES AL MISMO TIEMPO,2,16:30,5,10,2160.00
809,LIGHTYEAR,2,11:15,3,3,720.00
810,LIGHTYEAR,6,21:00,1,9,2835.00
811,JURASSIC WORLD DOMINIO,3,16:30,3,3,720.00
812,EL TELEFONO NEGRO,0,18:15,3,10,3150.00
813,TOP GUN MAVERICK,5,01:15,3,7,2205.00
814,JURASSIC WORLD DOMINIO,0,11:15,4,5,1575.00
815,LIGHTYEAR,5,20:00,3,4,1260.00
816,TOP GUN MAVERICK,6,00:45,2,4,1260.00
817,PEQUEÑA FLOR,1,16:30,3,2,480.00
818,MINIONS NACE UN VILLANO,0,01:15,5,2,700.00
819,EL TELEFONO NEGRO,6,01:15,4,5,1575.00
820,THOR AMOR Y TRUENO,4,18:15,4,8,2520.00
821,THOR AMOR Y TRUENO,0,20:00,4,10,3150.00
822,PEQUEÑA FLOR,1,00:45,2,1,240.00
823,PEQUEÑA FLOR,6,22:30,5,9,2835.00
824,MINIONS NACE UN VILLANO,0,00:45,5,8,2520.00
825,LIGHTYEAR,1,17:00,1,2,480.00
826,TODO EN TODAS PARTES AL MISMO TIEMPO,0,01:15,2,10,3150.00
827,MINIONS NACE UN VILLANO,4,20:00,5,7,2205.00
828,PEQUEÑA FLOR,2,23:00,3,8,1728.00
829,MINIONS NACE UN VILLANO,3,18:15,5,9,1944.00
830,DOG UN VIAJE SALVAJE,2,20:00,2,5,1080.00
831,JURASSIC WORLD DOMINIO,4,11:15,4,7,2205.00
832,DOG UN VIAJE SALVAJE,5,21:00,3,6,1890.00
833,TOP GUN MAVERICK,1,15:00,5,5,1080.00
834,EL TELEFONO NEGRO,4,16:30,5,7,2205.00
835,TODO EN TODAS PARTES AL MISMO TIEMPO,6,23:00,4,4,1260.00
836,PEQUEÑA FLOR,1,00:45,2,5,1080.00
837,MINIONS NACE UN VILLANO,3,21:00,4,8,1728.00
838,PEQUEÑA FLOR,2,01:15,5,1,240.00
839,TOP GUN MAVERICK,0,15:00,4,4,1260.00
840,MINIONS NACE UN VILLANO,2,17:00,5,7,1512.00
841,THOR AMOR Y TRUENO,2,23:00,5,7,1512.00
842,DOG UN VIAJE SALVAJE,6,22:30,5,4,1260.00
843,EL TELEFONO NEGRO,3,18:15,1,1,240.00
844,EL TELEFONO NEGRO,5,18:15,1,8,2520.00
845,TODO EN TODAS PARTES AL MISMO TIEMPO,0,21:00,5,3,1050.00
846,PEQUEÑA FLOR,1,22:30,5,2,480.00
847,JURASSIC WORLD DOMINIO,3,16:30,4,3,720.00
848,EL TELEFONO NEGRO,2,11:15,3,2,480.00
849,TOP GUN MAVERICK,3,01:15,4,5,1080.00
850,THOR AMOR Y TRUENO,5,01:15,3,1,350.00
851,TODO EN TODAS PARTES AL MISMO TIEMPO,2,17:00,2,2,480.00
852,DOG UN VIAJE SALVAJE,4,01:15,4,6,1890.00
853,TODO EN TODAS PARTES AL MISMO TIEMPO,1,20:00,5,4,864.00
854,TODO EN TODAS PARTES AL MISMO TIEMPO,4,22:30,4,2,700.00
855,PEQUEÑA FLOR,4,16:30,4,1,350.00
856,PEQUEÑA FLOR,3,15:00,5,4,864.00
857,EL TELEFONO NEGRO,2,23:00,5,4,864.00
858,PEQUEÑA FLOR,2,01:15,2,2,480.00
859,JURASSIC WORLD DOMINIO,2,22:30,3,7,1512.00
860,THOR AMOR Y TRUENO,2,01:15,3,10,2160.00
861,JURASSIC WORLD DOMINIO,4,11:15,5,9,2835.00
862,MINIONS NACE UN VILLANO,5,01:15,5,6,1890.00
863,TODO EN TODAS PARTES AL MISMO TIEMPO,1,00:45,3,9,1944.00
864,JURASSIC WORLD DOMINIO,1,11:15,2,8,1728.00
865,TODO EN TODAS PARTES AL MISMO TIEMPO,1,22:30,3,8,1728.00
866,THOR AMOR Y TRUENO,0,17:00,1,9,2835.00
867,EL TELEFONO NEGRO,5,23:00,1,4,1260.00
868,LIGHTYEAR,5,01:15,4,10,3150.00
869,EL TELEFONO NEGRO,5,17:00,1,7,2205.00
870,TOP GUN MAVERICK,3,18:15,3,5,1080.00
871,TODO EN TODAS PARTES AL MISMO TIEMPO,5,18:15,5,2,700.00
872,PEQUEÑA FLOR,4,23:00,4,10,3150.00
873,TODO EN TODAS PARTES AL MISMO TIEMPO,4,20:00,5,5,1575.00
874,PEQUEÑA FLOR,2,11:15,3,3,720.00
875,LIGHTYEAR,3,16:30,5,9,1944.00
876,DOG UN VIAJE SALVAJE,1,16:30,4,6,1296.00
877,LIGHTYEAR,4,18:15,5,9,2835.00
878,MINIONS NACE UN VILLANO,6,11:15,4,4,1260.00
879,JURASSIC WORLD DOMINIO,4,17:00,3,8,2520.00
880,PEQUEÑA FLOR,0,23:00,4,3,1050.00
881,MINIONS NACE UN VILLANO,3,01:15,3,5,1080.00
882,JURASSIC WORLD DOMINIO,6,15:00,2,2,700.00
883,MINIONS NACE UN VILLANO,1,20:00,1,2,480.00
884,JURASSIC WORLD DOMINIO,3,11:15,2,8,1728.00
885,DOG UN VIAJE SALVAJE,1,20:00,4,7,1512.00
886,LIGHTYEAR,5,21:00,1,5,1575.00
887,JURASSIC WORLD DOMINIO,0,21:00,5,4,1260.00
888,EL TELEFONO NEGRO,4,00:45,4,9,2835.00
889,MINIONS NACE UN VILLANO,6,17:00,3,5,1575.00
890,JURASSIC WORLD DOMINIO,5,18:15,3,7,2205.00
891,MINIONS NACE UN VILLANO,4,17:00,5,6,1890.00
892,DOG UN VIAJE SALVAJE,3,21:00,5,6,1296.00
893,PEQUEÑA FLOR,3,18:15,4,9,1944.00
894,THOR AMOR Y TRUENO,4,20:00,5,10,3150.00
895,THOR AMOR Y TRUENO,1,18:15,2,10,2160.00
896,JURASSIC WORLD DOMINIO,0,20:00,1,8,2520.00
897,PEQUEÑA FLOR,4,11:15,3,9,2835.00
898,JURASSIC WORLD DOMINIO,3,18:15,1,7,1512.00
899,MINIONS NACE UN VILLANO,4,18:15,2,3,1050.00
900,DOG UN VIAJE SALVAJE,2,01:15,4,5,1080.00
901,THOR AMOR Y TRUENO,0,20:00,5,3,1050.00
902,EL TELEFONO NEGRO,4,23:00,4,10,3150.00
903,TOP GUN MAVERICK,0,01:15,5,10,3150.00
904,TOP GUN MAVERICK,0,23:00,5,4,1260.00
905,TOP GUN MAVERICK,4,20:00,2,8,2520.00
906,TOP GUN MAVERICK,3,22:30,2,2,480.00
907,PEQUEÑA FLOR,0,16:30,5,10,3150.00
908,TOP GUN MAVERICK,5,01:15,5,5,1575.00
909,DOG UN VIAJE SALVAJE,6,01:15,4,6,1890.00
910,EL TELEFONO NEGRO,5,21:00,5,2,700.00
911,LIGHTYEAR,5,23:00,2,4,1260.00
912,JURASSIC WORLD DOMINIO,2,11:15,5,10,2160.00
913,EL TELEFONO NEGRO,3,22:30,5,3,720.00
914,TODO EN TODAS PARTES AL MISMO TIEMPO,4,18:15,2,10,3150.00
915,TOP GUN MAVERICK,6,00:45,2,9,2835.00
916,JURASSIC WORLD DOMINIO,1,01:15,3,7,1512.00
917,PEQUEÑA FLOR,4,15:00,1,10,3150.00
918,TOP GUN MAVERICK,1,16:30,3,7,1512.00
919,LIGHTYEAR,1,18:15,2,7,1512.00
920,THOR AMOR Y TRUENO,1,20:00,5,1,240.00
921,THOR AMOR Y TRUENO,4,11:15,5,6,1890.00
922,MINIONS NACE UN VILLANO,6,21:00,2,5,1575.00
923,MINIONS NACE UN VILLANO,4,15:00,5,8,2520.00
924,TOP GUN MAVERICK,6,15:00,4,9,2835.00
925,TODO EN TODAS PARTES AL MISMO TIEMPO,0,01:15,2,4,1260.00
926,DOG UN VIAJE SALVAJE,0,18:15,2,1,350.00
927,LIGHTYEAR,5,15:00,3,1,350.00
928,TOP GUN MAVERICK,1,17:00,2,2,480.00
929,PEQUEÑA FLOR,6,00:45,3,2,700.00
930,JURASSIC WORLD DOMINIO,4,23:00,4,7,2205.00
931,PEQUEÑA FLOR,6,20:00,3,10,3150.00
932,LIGHTYEAR,4,16:30,3,7,2205.00
933,LIGHTYEAR,3,20:00,4,4,864.00
934,DOG UN VIAJE SALVAJE,2,00:45,1,8,1728.00
935,TOP GUN MAVERICK,4,20:00,1,2,700.00
936,TOP GUN MAVERICK,1,00:45,4,9,1944.00
937,PEQUEÑA FLOR,2,21:00,5,5,1080.00
938,EL TELEFONO NEGRO,5,21:00,2,9,2835.00
939,JURASSIC WORLD DOMINIO,4,20:00,2,4,1260.00
940,TOP GUN MAVERICK,5,22:30,5,7,2205.00
941,THOR AMOR Y TRUENO,0,11:15,2,3,1050.00
942,LIGHTYEAR,4,20:00,3,2,700.00
943,LIGHTYEAR,3,15:00,1,8,1728.00
944,TODO EN TODAS PARTES AL MISMO TIEMPO,3,23:00,4,8,1728.00
945,EL TELEFONO NEGRO,6,22:30,1,5,1575.00
946,TODO EN TODAS PARTES AL MISMO TIEMPO,2,15:00,4,10,2160.00
947,PEQUEÑA FLOR,4,23:00,5,2,700.00
948,TODO EN TODAS PARTES AL MISMO TIEMPO,3,00:45,4,5,1080.00
949,THOR AMOR Y TRUENO,6,01:15,3,1,350.00
950,DOG UN VIAJE SALVAJE,0,21:00,2,1,350.00
951,THOR AMOR Y TRUENO,1,18:15,5,8,1728.00
952,MINIONS NACE UN VILLANO,0,22:30,5,4,1260.00
953,JURASSIC WORLD DOMINIO,6,18:15,5,7,2205.00
954,MINIONS NACE UN VILLANO,0,20:00,3,9,2835.00
955,EL TELEFONO NEGRO,2,15:00,3,10,2160.00
956,LIGHTYEAR,1,11:15,1,6,1296.00
957,DOG UN VIAJE SALVAJE,2,22:30,1,8,1728.00
958,JURASSIC WORLD DOMINIO,1,21:00,4,5,1080.00
959,THOR AMOR Y TRUENO,0,20:00,5,2,700.00
960,MINIONS NACE UN VILLANO,3,00:45,5,4,864.00
961,JURASSIC WORLD DOMINIO,0,00:45,2,2,700.00
962,EL TELEFONO NEGRO,0,00:45,4,7,2205.00
963,JURASSIC WORLD DOMINIO,3,00:45,4,1,240.00
964,THOR AMOR Y TRUENO,3,21:00,1,5,1080.00
965,TODO EN TODAS PARTES AL MISMO TIEMPO,4,23:00,5,10,3150.00
966,PEQUEÑA FLOR,5,01:15,5,6,1890.00
967,DOG UN VIAJE SALVAJE,1,21:00,4,1,240.00
968,LIGHTYEAR,5,16:30,1,7,2205.00
969,LIGHTYEAR,2,11:15,2,4,864.00
970,PEQUEÑA FLOR,0,11:15,3,8,2520.00
971,LIGHTYEAR,2,20:00,1,1,240.00
972,THOR AMOR Y TRUENO,6,18:15,1,7,2205.00
973,EL TELEFONO NEGRO,2,17:00,2,1,240.00
974,EL TELEFONO NEGRO,6,21:00,3,9,2835.00
975,THOR AMOR Y TRUENO,3,00:45,1,5,1080.00
976,PEQUEÑA FLOR,6,21:00,5,4,1260.00
977,DOG UN VIAJE SALVAJE,4,15:00,4,1,350.00
978,THOR AMOR Y TRUENO,6,18:15,2,9,2835.00
979,TOP GUN MAVERICK,3,17:00,4,8,1728.00
980,JURASSIC WORLD DOMINIO,4,23:00,3,3,1050.00
981,THOR AMOR Y TRUENO,4,00:45,3,4,1260.00
982,LIGHTYEAR,1,21:00,1,7,1512.00
983,JURASSIC WORLD DOMINIO,1,01:15,5,1,240.00
984,LIGHTYEAR,4,15:00,4,4,1260.00
985,EL TELEFONO NEGRO,4,16:30,2,8,2520.00
986,MINIONS NACE UN VILLANO,0,18:15,1,7,2205.00
987,TODO EN TODAS PARTES AL MISMO TIEMPO,1,01:15,2,10,2160.00
988,TODO EN TODAS PARTES AL MISMO TIEMPO,3,17:00,1,9,1944.00
989,EL TELEFONO NEGRO,0,16:30,5,8,2520.00
990,EL TELEFONO NEGRO,6,11:15,1,2,700.00
991,THOR AMOR Y TRUENO,2,22:30,2,1,240.00
992,MINIONS NACE UN VILLANO,2,01:15,3,7,1512.00
993,THOR AMOR Y TRUENO,6,00:45,5,1,350.00
994,PEQUEÑA FLOR,0,20:00,5,10,3150.00
995,LIGHTYEAR,0,16:30,1,2,700.00
996,TODO EN TODAS PARTES AL MISMO TIEMPO,3,01:15,1,3,720.00
997,LIGHTYEAR,6,17:00,1,5,1575.00
998,EL TELEFONO NEGRO,5,00:45,2,8,2520.00
999,PEQUEÑA FLOR,6,22:30,5,6,1890.00
1000,THOR AMOR Y TRUENO,5,17:00,2,9,2835.00
