id_venta,nombre_pelicula,dia,horario,sala,cantidad_entradas
1,EL TELEFONO NEGRO,1,18:15,2,9
2,TOP GUN MAVERICK,4,00:45,4,7
3,TODO EN TODAS PARTES AL MISMO TIEMPO,3,20:00,2,1
4,TODO EN TODAS PARTES AL MISMO TIEMPO,2,16:30,3,7
5,TODO EN TODAS PARTES AL MISMO TIEMPO,6,17:00,5,7
6,TODO EN TODAS PARTES AL MISMO TIEMPO,5,20:00,2,3
7,MINIONS NACE UN VILLANO,1,17:00,2,1
8,TODO EN TODAS PARTES AL MISMO TIEMPO,0,00:45,4,2
9,JURASSIC WORLD DOMINIO,4,11:15,5,5
10,LIGHTYEAR,3,15:00,3,1
11,DOG UN VIAJE SALVAJE,5,00:45,1,8
12,MINIONS NACE UN VILLANO,0,22:30,5,4
13,TODO EN TODAS PARTES AL MISMO TIEMPO,2,23:00,1,6
14,MINIONS NACE UN VILLANO,2,11:15,2,3
15,DOG UN VIAJE SALVAJE,0,20:00,2,2
16,MINIONS NACE UN VILLANO,4,15:00,3,3
17,JURASSIC WORLD DOMINIO,3,22:30,1,6
18,DOG UN VIAJE SALVAJE,3,22:30,5,10
19,MINIONS NACE UN VILLANO,1,18:15,2,9
20,TOP GUN MAVERICK,3,21:00,2,4
21,EL TELEFONO NEGRO,2,17:00,1,4
22,TOP GUN MAVERICK,1,17:00,3,4
23,LIGHTYEAR,0,15:00,4,3
24,TODO EN TODAS PARTES AL MISMO TIEMPO,3,17:00,1,3
25,PEQUEÑA FLOR,1,15:00,2,6
26,LIGHTYEAR,5,23:00,5,7
27,TOP GUN MAVERICK,3,11:15,4,9
28,DOG UN VIAJE SALVAJE,2,17:00,3,3
29,JURASSIC WORLD DOMINIO,4,22:30,5,5
30,DOG UN VIAJE SALVAJE,2,18:15,3,5
31,PEQUEÑA FLOR,2,15:00,2,8
32,DOG UN VIAJE SALVAJE,0,18:15,2,7
33,TOP GUN MAVERICK,4,01:15,4,10
34,MINIONS NACE UN VILLANO,0,11:15,2,1
35,TOP GUN MAVERICK,2,15:00,1,1
36,MINIONS NACE UN VILLANO,5,01:15,4,9
37,PEQUEÑA FLOR,4,20:00,4,2
38,MINIONS NACE UN VILLANO,5,23:00,1,2
39,TODO EN TODAS PARTES AL MISMO TIEMPO,6,21:00,2,4
40,JURASSIC WORLD DOMINIO,0,20:00,4,10
41,TOP GUN MAVERICK,3,16:30,2,4
42,EL TELEFONO NEGRO,3,18:15,1,3
43,EL TELEFONO NEGRO,3,16:30,4,10
44,EL TELEFONO NEGRO,3,15:00,1,9
45,THOR AMOR Y TRUENO,4,21:00,4,3
46,DOG UN VIAJE SALVAJE,1,18:15,4,10
47,DOG UN VIAJE SALVAJE,6,18:15,2,10
48,JURASSIC WORLD DOMINIO,0,21:00,5,6
49,LIGHTYEAR,4,15:00,4,9
50,JURASSIC WORLD DOMINIO,4,11:15,5,8
51,LIGHTYEAR,0,22:30,4,3
52,JURASSIC WORLD DOMINIO,2,00:45,3,10
53,JURASSIC WORLD DOMINIO,6,00:45,5,7
54,LIGHTYEAR,3,20:00,4,9
55,TOP GUN MAVERICK,0,15:00,1,10
56,LIGHTYEAR,4,17:00,3,5
57,MINIONS NACE UN VILLANO,6,00:45,2,4
58,DOG UN VIAJE SALVAJE,5,17:00,1,6
59,TOP GUN MAVERICK,6,11:15,3,9
60,PEQUEÑA FLOR,2,22:30,2,4
61,JURASSIC WORLD DOMINIO,1,20:00,3,2
62,DOG UN VIAJE SALVAJE,1,00:45,2,6
63,TOP GUN MAVERICK,2,22:30,3,8
64,EL TELEFONO NEGRO,5,01:15,3,5
65,MINIONS NACE UN VILLANO,0,01:15,4,8
66,JURASSIC WORLD DOMINIO,4,00:45,5,6
67,DOG UN VIAJE SALVAJE,2,21:00,5,5
68,LIGHTYEAR,1,18:15,3,9
69,TOP GUN MAVERICK,0,15:00,2,4
70,THOR AMOR Y TRUENO,0,20:00,1,7
71,EL TELEFONO NEGRO,0,01:15,5,2
72,EL TELEFONO NEGRO,0,11:15,4,6
73,THOR AMOR Y TRUENO,0,21:00,4,9
74,TOP GUN MAVERICK,1,15:00,2,1
75,TOP GUN MAVERICK,5,18:15,5,3
76,TODO EN TODAS PARTES AL MISMO TIEMPO,6,17:00,4,3
77,PEQUEÑA FLOR,1,11:15,5,6
78,DOG UN VIAJE SALVAJE,3,20:00,4,1
79,JURASSIC WORLD DOMINIO,5,23:00,4,2
80,LIGHTYEAR,2,15:00,5,3
81,TOP GUN MAVERICK,5,00:45,1,8
82,MINIONS NACE UN VILLANO,4,23:00,3,2
83,TOP GUN MAVERICK,3,20:00,5,2
84,JURASSIC WORLD DOMINIO,1,15:00,3,2
85,JURASSIC WORLD DOMINIO,0,23:00,3,7
86,DOG UN VIAJE SALVAJE,2,23:00,2,9
87,JURASSIC WORLD DOMINIO,4,21:00,1,4
88,TODO EN TODAS PARTES AL MISMO TIEMPO,1,15:00,5,5
89,TOP GUN MAVERICK,5,23:00,3,7
90,JURASSIC WORLD DOMINIO,1,18:15,5,10
91,LIGHTYEAR,1,17:00,5,10
92,THOR AMOR Y TRUENO,3,22:30,2,3
93,MINIONS NACE UN VILLANO,5,16:30,2,7
94,TODO EN TODAS PARTES AL MISMO TIEMPO,6,21:00,2,9
95,JURASSIC WORLD DOMINIO,6,16:30,1,7
96,TOP GUN MAVERICK,4,00:45,3,6
97,TODO EN TODAS PARTES AL MISMO TIEMPO,6,18:15,5,6
98,JURASSIC WORLD DOMINIO,5,22:30,2,5
99,DOG UN VIAJE SALVAJE,6,15:00,4,4
100,MINIONS NACE UN VILLANO,3,18:15,4,6
101,DOG UN VIAJE SALVAJE,5,21:00,1,6
102,TODO EN TODAS PARTES AL MISMO TIEMPO,1,01:15,2,1
103,LIGHTYEAR,1,22:30,5,8
104,TODO EN TODAS PARTES AL MISMO TIEMPO,5,21:00,3,10
105,PEQUEÑA FLOR,0,23:00,3,7
106,EL TELEFONO NEGRO,3,21:00,4,6
107,LIGHTYEAR,2,22:30,4,7
108,TODO EN TODAS PARTES AL MISMO TIEMPO,3,00:45,1,5
109,DOG UN VIAJE SALVAJE,2,01:15,5,5
110,TODO EN TODAS PARTES AL MISMO TIEMPO,3,16:30,2,2
111,THOR AMOR Y TRUENO,0,15:00,2,2
112,LIGHTYEAR,6,21:00,2,10
113,EL TELEFONO NEGRO,6,11:15,2,4
114,PEQUEÑA FLOR,5,23:00,5,4
115,MINIONS NACE UN VILLANO,0,11:15,2,1
116,EL TELEFONO NEGRO,4,15:00,5,2
117,JURASSIC WORLD DOMINIO,2,16:30,1,4
118,PEQUEÑA FLOR,4,00:45,4,10
119,THOR AMOR Y TRUENO,2,15:00,1,5
120,DOG UN VIAJE SALVAJE,2,15:00,1,6
121,TODO EN TODAS PARTES AL MISMO TIEMPO,6,15:00,2,8
122,TOP GUN MAVERICK,3,18:15,3,1
123,PEQUEÑA FLOR,6,17:00,3,6
124,TOP GUN MAVERICK,6,16:30,3,2
125,PEQUEÑA FLOR,3,20:00,5,9
126,MINIONS NACE UN VILLANO,4,18:15,3,3
127,TODO EN TODAS PARTES AL MISMO TIEMPO,3,21:00,2,2
128,PEQUEÑA FLOR,0,20:00,3,5
129,TOP GUN MAVERICK,3,20:00,1,10
130,DOG UN VIAJE SALVAJE,4,11:15,5,5
131,DOG UN VIAJE SALVAJE,0,21:00,5,6
132,PEQUEÑA FLOR,6,01:15,2,1
133,EL TELEFONO NEGRO,0,16:30,5,9
134,MINIONS NACE UN VILLANO,5,00:45,2,1
135,PEQUEÑA FLOR,5,15:00,4,6
136,PEQUEÑA FLOR,4,22:30,4,9
137,THOR AMOR Y TRUENO,4,00:45,5,10
138,JURASSIC WORLD DOMINIO,5,15:00,1,7
139,LIGHTYEAR,0,21:00,4,4
140,EL TELEFONO NEGRO,2,00:45,4,10
141,TODO EN TODAS PARTES AL MISMO TIEMPO,0,21:00,4,10
142,TODO EN TODAS PARTES AL MISMO TIEMPO,5,18:15,3,3
143,EL TELEFONO NEGRO,1,17:00,5,2
144,EL TELEFONO NEGRO,6,20:00,3,9
145,LIGHTYEAR,1,11:15,2,3
146,PEQUEÑA FLOR,3,01:15,3,2
147,LIGHTYEAR,2,16:30,5,6
148,MINIONS NACE UN VILLANO,3,20:00,2,1
149,LIGHTYEAR,0,11:15,5,9
150,EL TELEFONO NEGRO,4,00:45,5,4
151,TODO EN TODAS PARTES AL MISMO TIEMPO,4,18:15,3,7
152,DOG UN VIAJE SALVAJE,5,17:00,4,9
153,MINIONS NACE UN VILLANO,1,22:30,2,1
154,MINIONS NACE UN VILLANO,3,11:15,4,1
155,PEQUEÑA FLOR,0,20:00,1,6
156,MINIONS NACE UN VILLANO,2,22:30,3,10
157,EL TELEFONO NEGRO,5,20:00,4,6
158,THOR AMOR Y TRUENO,0,00:45,3,4
159,MINIONS NACE UN VILLANO,2,18:15,3,7
160,EL TELEFONO NEGRO,5,11:15,1,4
161,JURASSIC WORLD DOMINIO,6,17:00,3,7
162,JURASSIC WORLD DOMINIO,3,16:30,5,1
163,LIGHTYEAR,2,21:00,4,6
164,EL TELEFONO NEGRO,4,22:30,1,2
165,PEQUEÑA FLOR,3,23:00,5,4
166,EL TELEFONO NEGRO,2,15:00,2,4
167,MINIONS NACE UN VILLANO,2,21:00,4,4
168,LIGHTYEAR,1,11:15,4,5
169,PEQUEÑA FLOR,1,23:00,3,9
170,PEQUEÑA FLOR,5,00:45,4,2
171,LIGHTYEAR,6,23:00,5,6
172,JURASSIC WORLD DOMINIO,1,17:00,2,1
173,LIGHTYEAR,5,23:00,1,1
174,JURASSIC WORLD DOMINIO,3,18:15,5,4
175,MINIONS NACE UN VILLANO,1,23:00,2,4
176,THOR AMOR Y TRUENO,2,17:00,1,10
177,LIGHTYEAR,1,16:30,3,1
178,THOR AMOR Y TRUENO,3,23:00,4,1
179,THOR AMOR Y TRUENO,2,16:30,1,6
180,PEQUEÑA FLOR,6,20:00,5,4
181,THOR AMOR Y TRUENO,5,16:30,1,6
182,JURASSIC WORLD DOMINIO,2,22:30,3,3
183,THOR AMOR Y TRUENO,6,23:00,1,9
184,THOR AMOR Y TRUENO,2,17:00,1,10
185,EL TELEFONO NEGRO,4,20:00,5,3
186,DOG UN VIAJE SALVAJE,5,15:00,2,10
187,THOR AMOR Y TRUENO,0,17:00,3,7
188,MINIONS NACE UN VILLANO,5,20:00,4,9
189,EL TELEFONO NEGRO,5,17:00,2,8
190,LIGHTYEAR,4,17:00,3,2
191,EL TELEFONO NEGRO,4,16:30,4,6
192,EL TELEFONO NEGRO,5,21:00,3,10
193,DOG UN VIAJE SALVAJE,6,15:00,2,1
194,JURASSIC WORLD DOMINIO,0,20:00,2,2
195,MINIONS NACE UN VILLANO,0,01:15,4,8
196,TODO EN TODAS PARTES AL MISMO TIEMPO,0,22:30,3,3
197,TODO EN TODAS PARTES AL MISMO TIEMPO,0,17:00,3,9
198,THOR AMOR Y TRUENO,4,01:15,4,2
199,TOP GUN MAVERICK,0,21:00,4,2
200,TODO EN TODAS PARTES AL MISMO TIEMPO,1,01:15,3,10
201,JURASSIC WORLD DOMINIO,5,21:00,5,8
202,LIGHTYEAR,3,00:45,5,5
203,PEQUEÑA FLOR,3,23:00,1,5
204,JURASSIC WORLD DOMINIO,2,17:00,4,4
205,JURASSIC WORLD DOMINIO,0,11:15,5,1
206,TOP GUN MAVERICK,4,20:00,1,9
207,MINIONS NACE UN VILLANO,6,17:00,2,6
208,EL TELEFONO NEGRO,4,01:15,2,3
209,EL TELEFONO NEGRO,4,00:45,1,1
210,LIGHTYEAR,6,20:00,3,9
211,JURASSIC WORLD DOMINIO,0,22:30,3,1
212,LIGHTYEAR,3,22:30,2,5
213,DOG UN VIAJE SALVAJE,4,18:15,4,4
214,MINIONS NACE UN VILLANO,1,23:00,3,10
215,LIGHTYEAR,3,18:15,3,10
216,DOG UN VIAJE SALVAJE,0,15:00,2,1
217,DOG UN VIAJE SALVAJE,5,22:30,4,9
218,TODO EN TODAS PARTES AL MISMO TIEMPO,5,11:15,1,8
219,LIGHTYEAR,5,20:00,5,8
220,THOR AMOR Y TRUENO,0,16:30,5,7
221,DOG UN VIAJE SALVAJE,2,11:15,3,7
222,EL TELEFONO NEGRO,6,17:00,1,1
223,LIGHTYEAR,0,23:00,3,6
224,MINIONS NACE UN VILLANO,4,11:15,2,10
225,PEQUEÑA FLOR,5,01:15,5,10
226,THOR AMOR Y TRUENO,3,00:45,4,9
227,JURASSIC WORLD DOMINIO,5,20:00,1,8
228,DOG UN VIAJE SALVAJE,5,00:45,2,4
229,EL TELEFONO NEGRO,3,17:00,1,2
230,PEQUEÑA FLOR,5,22:30,3,8
231,PEQUEÑA FLOR,6,23:00,2,2
232,THOR AMOR Y TRUENO,5,01:15,5,7
233,PEQUEÑA FLOR,3,01:15,3,1
234,EL TELEFONO NEGRO,6,00:45,5,3
235,PEQUEÑA FLOR,3,20:00,1,6
236,PEQUEÑA FLOR,2,16:30,2,1
237,PEQUEÑA FLOR,5,22:30,2,7
238,LIGHTYEAR,6,20:00,1,10
239,THOR AMOR Y TRUENO,0,21:00,5,3
240,MINIONS NACE UN VILLANO,1,18:15,4,6
241,EL TELEFONO NEGRO,3,17:00,1,8
242,PEQUEÑA FLOR,5,20:00,3,10
243,PEQUEÑA FLOR,4,22:30,5,6
244,LIGHTYEAR,6,11:15,2,4
245,THOR AMOR Y TRUENO,0,20:00,3,5
246,LIGHTYEAR,2,15:00,3,6
247,TOP GUN MAVERICK,2,21:00,5,1
248,JURASSIC WORLD DOMINIO,6,15:00,5,1
249,THOR AMOR Y TRUENO,4,00:45,1,2
250,THOR AMOR Y TRUENO,5,21:00,5,7
251,DOG UN VIAJE SALVAJE,2,16:30,2,3
252,EL TELEFONO NEGRO,6,17:00,3,5
253,EL TELEFONO NEGRO,1,21:00,3,8
254,PEQUEÑA FLOR,5,15:00,1,9
255,TOP GUN MAVERICK,3,18:15,1,4
256,TODO EN TODAS PARTES AL MISMO TIEMPO,5,22:30,3,8
257,MINIONS NACE UN VILLANO,3,20:00,4,1
258,PEQUEÑA FLOR,3,22:30,1,5
259,MINIONS NACE UN VILLANO,4,15:00,1,3
260,TOP GUN MAVERICK,2,21:00,2,10
261,DOG UN VIAJE SALVAJE,6,00:45,2,2
262,THOR AMOR Y TRUENO,1,01:15,4,8
263,PEQUEÑA FLOR,2,16:30,1,7
264,LIGHTYEAR,6,16:30,4,5
265,LIGHTYEAR,1,18:15,1,9
266,TODO EN TODAS PARTES AL MISMO TIEMPO,6,01:15,4,10
267,JURASSIC WORLD DOMINIO,6,11:15,3,2
268,TODO EN TODAS PARTES AL MISMO TIEMPO,4,11:15,3,4
269,DOG UN VIAJE SALVAJE,6,22:30,5,1
270,JURASSIC WORLD DOMINIO,0,22:30,3,8
271,LIGHTYEAR,3,17:00,1,1
272,EL TELEFONO NEGRO,1,17:00,4,10
273,TOP GUN MAVERICK,0,00:45,2,6
274,EL TELEFONO NEGRO,6,22:30,1,2
275,MINIONS NACE UN VILLANO,4,18:15,5,4
276,JURASSIC WORLD DOMINIO,2,01:15,3,6
277,THOR AMOR Y TRUENO,6,15:00,1,6
278,LIGHTYEAR,4,21:00,1,4
279,MINIONS NACE UN VILLANO,1,23:00,2,3
280,TODO EN TODAS PARTES AL MISMO TIEMPO,4,22:30,3,6
281,EL TELEFONO NEGRO,0,01:15,5,3
282,EL TELEFONO NEGRO,4,17:00,1,8
283,LIGHTYEAR,1,11:15,2,1
284,LIGHTYEAR,5,15:00,4,9
285,TOP GUN MAVERICK,6,00:45,2,1
286,THOR AMOR Y TRUENO,5,01:15,2,3
287,MINIONS NACE UN VILLANO,4,20:00,1,9
288,MINIONS NACE UN VILLANO,3,21:00,2,6
289,THOR AMOR Y TRUENO,1,16:30,2,9
290,THOR AMOR Y TRUENO,5,18:15,5,5
291,LIGHTYEAR,6,17:00,2,7
292,MINIONS NACE UN VILLANO,3,18:15,1,4
293,DOG UN VIAJE SALVAJE,1,01:15,1,4
294,EL TELEFONO NEGRO,1,23:00,1,8
295,LIGHTYEAR,1,00:45,2,10
296,JURASSIC WORLD DOMINIO,5,16:30,1,5
297,TODO EN TODAS PARTES AL MISMO TIEMPO,1,21:00,2,10
298,TOP GUN MAVERICK,4,23:00,3,4
299,PEQUEÑA FLOR,6,21:00,4,4
300,LIGHTYEAR,3,21:00,4,5
301,TODO EN TODAS PARTES AL MISMO TIEMPO,3,18:15,1,10
302,TOP GUN MAVERICK,1,01:15,5,1
303,MINIONS NACE UN VILLANO,0,23:00,4,6
304,TOP GUN MAVERICK,6,15:00,5,8
305,DOG UN VIAJE SALVAJE,3,22:30,5,5
306,TOP GUN MAVERICK,3,15:00,2,3
307,TOP GUN MAVERICK,5,15:00,1,2
308,JURASSIC WORLD DOMINIO,1,18:15,2,1
309,EL TELEFONO NEGRO,2,21:00,4,6
310,TOP GUN MAVERICK,4,18:15,5,10
311,EL TELEFONO NEGRO,2,22:30,1,6
312,PEQUEÑA FLOR,4,01:15,5,3
313,EL TELEFONO NEGRO,6,20:00,5,5
314,TODO EN TODAS PARTES AL MISMO TIEMPO,4,23:00,5,5
315,THOR AMOR Y TRUENO,2,21:00,1,6
316,TODO EN TODAS PARTES AL MISMO TIEMPO,6,00:45,5,2
317,DOG UN VIAJE SALVAJE,5,15:00,4,7
318,JURASSIC WORLD DOMINIO,2,16:30,3,6
319,LIGHTYEAR,4,01:15,4,1
320,THOR AMOR Y TRUENO,4,20:00,2,4
321,TODO EN TODAS PARTES AL MISMO TIEMPO,1,21:00,4,10
322,PEQUEÑA FLOR,3,18:15,3,8
323,PEQUEÑA FLOR,1,21:00,2,4
324,THOR AMOR Y TRUENO,6,11:15,4,2
325,TODO EN TODAS PARTES AL MISMO TIEMPO,6,21:00,4,9
326,LIGHTYEAR,4,23:00,3,1
327,TODO EN TODAS PARTES AL MISMO TIEMPO,2,00:45,1,7
328,LIGHTYEAR,3,23:00,5,8
329,TODO EN TODAS PARTES AL MISMO TIEMPO,1,17:00,3,9
330,TODO EN TODAS PARTES AL MISMO TIEMPO,6,15:00,4,9
331,PEQUEÑA FLOR,6,23:00,2,1
332,TOP GUN MAVERICK,6,21:00,3,3
333,LIGHTYEAR,4,17:00,2,1
334,DOG UN VIAJE SALVAJE,2,18:15,4,6
335,JURASSIC WORLD DOMINIO,6,21:00,2,9
336,EL TELEFONO NEGRO,0,17:00,4,7
337,TOP GUN MAVERICK,4,15:00,3,4
338,TODO EN TODAS PARTES AL MISMO TIEMPO,2,20:00,4,2
339,JURASSIC WORLD DOMINIO,6,22:30,2,10
340,TODO EN TODAS PARTES AL MISMO TIEMPO,2,17:00,1,3
341,TODO EN TODAS PARTES AL MISMO TIEMPO,5,01:15,4,3
342,EL TELEFONO NEGRO,2,01:15,2,5
343,TOP GUN MAVERICK,1,20:00,1,5
344,LIGHTYEAR,0,16:30,5,4
345,LIGHTYEAR,3,17:00,3,8
346,TOP GUN MAVERICK,1,17:00,5,2
347,TOP GUN MAVERICK,6,22:30,5,5
348,DOG UN VIAJE SALVAJE,6,23:00,5,4
349,EL TELEFONO NEGRO,6,20:00,1,8
350,THOR AMOR Y TRUENO,1,16:30,1,6
351,PEQUEÑA FLOR,4,00:45,4,4
352,PEQUEÑA FLOR,0,17:00,2,10
353,EL TELEFONO NEGRO,6,01:15,3,7
354,LIGHTYEAR,6,11:15,1,9
355,EL TELEFONO NEGRO,1,17:00,4,10
356,JURASSIC WORLD DOMINIO,5,00:45,1,1
357,LIGHTYEAR,3,18:15,4,1
358,EL TELEFONO NEGRO,6,00:45,1,4
359,THOR AMOR Y TRUENO,2,15:00,4,8
360,TOP GUN MAVERICK,0,17:00,4,8
361,TODO EN TODAS PARTES AL MISMO TIEMPO,2,00:45,3,7
362,THOR AMOR Y TRUENO,2,18:15,4,4
363,THOR AMOR Y TRUENO,0,22:30,1,9
364,TODO EN TODAS PARTES AL MISMO TIEMPO,6,21:00,4,7
365,TODO EN TODAS PARTES AL MISMO TIEMPO,6,22:30,2,6
366,JURASSIC WORLD DOMINIO,3,15:00,3,10
367,TODO EN TODAS PARTES AL MISMO TIEMPO,1,20:00,4,4
368,THOR AMOR Y TRUENO,3,17:00,2,10
369,MINIONS NACE UN VILLANO,6,00:45,3,8
370,JURASSIC WORLD DOMINIO,3,17:00,4,1
371,LIGHTYEAR,2,20:00,3,10
372,EL TELEFONO NEGRO,4,17:00,5,5
373,PEQUEÑA FLOR,5,21:00,3,10
374,EL TELEFONO NEGRO,3,00:45,1,5
375,TOP GUN MAVERICK,2,22:30,1,2
376,DOG UN VIAJE SALVAJE,2,15:00,2,1
377,PEQUEÑA FLOR,0,16:30,5,4
378,PEQUEÑA FLOR,1,22:30,1,4
379,THOR AMOR Y TRUENO,5,16:30,2,10
380,DOG UN VIAJE SALVAJE,4,18:15,5,5
381,LIGHTYEAR,3,23:00,4,1
382,THOR AMOR Y TRUENO,4,21:00,5,10
383,THOR AMOR Y TRUENO,1,15:00,2,7
384,MINIONS NACE UN VILLANO,2,17:00,2,6
385,PEQUEÑA FLOR,2,11:15,5,8
386,PEQUEÑA FLOR,5,01:15,4,9
387,EL TELEFONO NEGRO,6,15:00,3,9
388,TODO EN TODAS PARTES AL MISMO TIEMPO,1,23:00,3,5
389,DOG UN VIAJE SALVAJE,5,18:15,3,5
390,PEQUEÑA FLOR,6,15:00,1,10
391,EL TELEFONO NEGRO,4,15:00,3,4
392,TODO EN TODAS PARTES AL MISMO TIEMPO,5,23:00,3,9
393,DOG UN VIAJE SALVAJE,4,21:00,1,10
394,JURASSIC WORLD DOMINIO,3,18:15,5,4
395,JURASSIC WORLD DOMINIO,1,20:00,1,5
396,JURASSIC WORLD DOMINIO,4,21:00,2,7
397,THOR AMOR Y TRUENO,0,15:00,1,3
398,PEQUEÑA FLOR,3,22:30,5,4
399,TODO EN TODAS PARTES AL MISMO TIEMPO,2,17:00,5,3
400,LIGHTYEAR,4,20:00,1,9
401,MINIONS NACE UN VILLANO,5,22:30,3,1
402,TODO EN TODAS PARTES AL MISMO TIEMPO,0,23:00,2,6
403,THOR AMOR Y TRUENO,6,23:00,5,2
404,DOG UN VIAJE SALVAJE,1,20:00,2,10
405,LIGHTYEAR,5,23:00,1,2
406,LIGHTYEAR,3,11:15,1,7
407,DOG UN VIAJE SALVAJE,5,01:15,5,3
408,TOP GUN MAVERICK,4,01:15,3,10
409,MINIONS NACE UN VILLANO,3,00:45,1,4
410,JURASSIC WORLD DOMINIO,0,17:00,3,10
411,THOR AMOR Y TRUENO,0,22:30,3,1
412,PEQUEÑA FLOR,3,22:30,2,5
413,LIGHTYEAR,0,17:00,1,9
414,EL TELEFONO NEGRO,2,17:00,3,1
415,THOR AMOR Y TRUENO,4,22:30,2,8
416,EL TELEFONO NEGRO,1,00:45,5,5
417,PEQUEÑA FLOR,2,01:15,4,10
418,JURASSIC WORLD DOMINIO,6,17:00,5,1
419,EL TELEFONO NEGRO,0,00:45,5,10
420,LIGHTYEAR,6,22:30,5,6
421,PEQUEÑA FLOR,1,20:00,2,1
422,MINIONS NACE UN VILLANO,0,01:15,1,3
423,MINIONS NACE UN VILLANO,2,23:00,1,7
424,MINIONS NACE UN VILLANO,0,21:00,1,2
425,JURASSIC WORLD DOMINIO,3,17:00,5,4
426,EL TELEFONO NEGRO,0,01:15,5,9
427,TOP GUN MAVERICK,0,22:30,4,10
428,TOP GUN MAVERICK,2,22:30,2,5
429,TOP GUN MAVERICK,6,20:00,1,6
430,LIGHTYEAR,3,15:00,5,5
431,DOG UN VIAJE SALVAJE,2,01:15,4,9
432,THOR AMOR Y TRUENO,5,01:15,1,7
433,MINIONS NACE UN VILLANO,0,22:30,1,9
434,JURASSIC WORLD DOMINIO,5,23:00,4,8
435,PEQUEÑA FLOR,3,17:00,3,10
436,TOP GUN MAVERICK,1,01:15,4,4
437,MINIONS NACE UN VILLANO,1,20:00,4,7
438,TOP GUN MAVERICK,1,17:00,1,10
439,JURASSIC WORLD DOMINIO,1,18:15,2,1
440,TODO EN TODAS PARTES AL MISMO TIEMPO,3,23:00,2,2
441,EL TELEFONO NEGRO,2,11:15,4,6
442,TOP GUN MAVERICK,6,23:00,3,1
443,TODO EN TODAS PARTES AL MISMO TIEMPO,4,21:00,3,6
444,TODO EN TODAS PARTES AL MISMO TIEMPO,6,21:00,2,7
445,MINIONS NACE UN VILLANO,4,20:00,5,8
446,DOG UN VIAJE SALVAJE,6,22:30,3,1
447,DOG UN VIAJE SALVAJE,5,20:00,1,3
448,DOG UN VIAJE SALVAJE,1,01:15,5,8
449,MINIONS NACE UN VILLANO,0,18:15,3,1
450,TODO EN TODAS PARTES AL MISMO TIEMPO,0,01:15,4,1
451,THOR AMOR Y TRUENO,4,21:00,1,7
452,LIGHTYEAR,1,01:15,2,6
453,JURASSIC WORLD DOMINIO,6,23:00,5,10
454,LIGHTYEAR,3,17:00,4,9
455,MINIONS NACE UN VILLANO,2,23:00,2,10
456,JURASSIC WORLD DOMINIO,4,00:45,1,7
457,THOR AMOR Y TRUENO,2,17:00,2,6
458,TOP GUN MAVERICK,4,23:00,1,6
459,EL TELEFONO NEGRO,3,11:15,4,3
460,DOG UN VIAJE SALVAJE,0,01:15,1,7
461,LIGHTYEAR,2,20:00,3,4
462,TODO EN TODAS PARTES AL MISMO TIEMPO,4,17:00,4,2
463,DOG UN VIAJE SALVAJE,3,20:00,2,3
464,PEQUEÑA FLOR,1,22:30,5,3
465,JURASSIC WORLD DOMINIO,0,21:00,2,2
466,TOP GUN MAVERICK,6,20:00,3,5
467,EL TELEFONO NEGRO,2,01:15,5,1
468,JURASSIC WORLD DOMINIO,4,23:00,5,5
469,TOP GUN MAVERICK,0,11:15,1,3
470,TOP GUN MAVERICK,4,11:15,3,2
471,LIGHTYEAR,4,20:00,5,4
472,MINIONS NACE UN VILLANO,3,18:15,3,6
473,THOR AMOR Y TRUENO,3,21:00,1,10
474,TODO EN TODAS PARTES AL MISMO TIEMPO,4,18:15,3,10
475,TODO EN TODAS PARTES AL MISMO TIEMPO,5,18:15,2,8
476,EL TELEFONO NEGRO,3,00:45,5,2
477,EL TELEFONO NEGRO,2,16:30,4,4
478,TOP GUN MAVERICK,0,22:30,4,5
479,PEQUEÑA FLOR,4,16:30,3,9
480,EL TELEFONO NEGRO,0,17:00,2,4
481,LIGHTYEAR,0,15:00,2,3
482,MINIONS NACE UN VILLANO,0,20:00,4,9
483,EL TELEFONO NEGRO,4,16:30,4,9
484,EL TELEFONO NEGRO,4,18:15,1,2
485,DOG UN VIAJE SALVAJE,1,22:30,1,4
486,THOR AMOR Y TRUENO,5,17:00,4,6
487,TOP GUN MAVERICK,1,01:15,3,10
488,PEQUEÑA FLOR,3,17:00,4,5
489,PEQUEÑA FLOR,0,16:30,5,4
490,PEQUEÑA FLOR,6,16:30,3,6
491,PEQUEÑA FLOR,5,15:00,4,7
492,PEQUEÑA FLOR,3,11:15,1,10
493,TODO EN TODAS PARTES AL MISMO TIEMPO,2,18:15,4,1
494,MINIONS NACE UN VILLANO,2,00:45,1,2
495,DOG UN VIAJE SALVAJE,2,11:15,3,3
496,TODO EN TODAS PARTES AL MISMO TIEMPO,3,21:00,3,1
497,LIGHTYEAR,2,20:00,2,7
498,DOG UN VIAJE SALVAJE,1,15:00,5,8
499,DOG UN VIAJE SALVAJE,3,00:45,1,9
500,JURASSIC WORLD DOMINIO,4,16:30,1,6
501,EL TELEFONO NEGRO,0,20:00,3,4
502,TOP GUN MAVERICK,5,23:00,1,7
503,LIGHTYEAR,3,17:00,3,10
504,PEQUEÑA FLOR,6,01:15,1,4
505,TOP GUN MAVERICK,4,18:15,5,6
506,PEQUEÑA FLOR,4,22:30,4,4
507,TODO EN TODAS PARTES AL MISMO TIEMPO,1,15:00,3,1
508,DOG UN VIAJE SALVAJE,1,23:00,4,7
509,THOR AMOR Y TRUENO,0,16:30,2,4
510,TOP GUN MAVERICK,6,23:00,4,5
511,EL TELEFONO NEGRO,0,11:15,2,6
512,TOP GUN MAVERICK,4,17:00,2,7
513,JURASSIC WORLD DOMINIO,6,11:15,1,10
514,THOR AMOR Y TRUENO,6,15:00,3,8
515,TODO EN TODAS PARTES AL MISMO TIEMPO,1,21:00,2,8
516,PEQUEÑA FLOR,0,01:15,4,10
517,THOR AMOR Y TRUENO,5,00:45,4,8
518,TOP GUN MAVERICK,6,11:15,5,7
519,EL TELEFONO NEGRO,5,22:30,5,6
520,MINIONS NACE UN VILLANO,0,22:30,5,5
521,JURASSIC WORLD DOMINIO,1,18:15,4,3
522,TODO EN TODAS PARTES AL MISMO TIEMPO,1,20:00,1,2
523,LIGHTYEAR,3,23:00,2,5
524,PEQUEÑA FLOR,1,16:30,3,8
525,THOR AMOR Y TRUENO,1,11:15,2,1
526,LIGHTYEAR,5,23:00,2,1
527,THOR AMOR Y TRUENO,5,23:00,2,9
528,THOR AMOR Y TRUENO,2,20:00,2,8
529,DOG UN VIAJE SALVAJE,3,01:15,2,4
530,THOR AMOR Y TRUENO,5,11:15,3,1
531,MINIONS NACE UN VILLANO,6,15:00,3,7
532,THOR AMOR Y TRUENO,0,01:15,2,2
533,LIGHTYEAR,6,11:15,5,2
534,JURASSIC WORLD DOMINIO,2,23:00,2,7
535,TODO EN TODAS PARTES AL MISMO TIEMPO,0,21:00,1,1
536,PEQUEÑA FLOR,0,22:30,3,10
537,TOP GUN MAVERICK,1,22:30,2,1
538,TODO EN TODAS PARTES AL MISMO TIEMPO,0,22:30,3,3
539,MINIONS NACE UN VILLANO,4,21:00,4,1
540,EL TELEFONO NEGRO,2,11:15,3,10
541,DOG UN VIAJE SALVAJE,2,23:00,3,4
542,MINIONS NACE UN VILLANO,1,15:00,3,5
543,TOP GUN MAVERICK,5,01:15,3,9
544,TODO EN TODAS PARTES AL MISMO TIEMPO,2,15:00,1,3
545,EL TELEFONO NEGRO,1,11:15,4,6
546,LIGHTYEAR,3,20:00,3,1
547,TOP GUN MAVERICK,4,23:00,1,3
548,THOR AMOR Y TRUENO,2,16:30,3,7
549,THOR AMOR Y TRUENO,2,11:15,1,4
550,DOG UN VIAJE SALVAJE,2,00:45,5,7
551,PEQUEÑA FLOR,0,16:30,3,7
552,JURASSIC WORLD DOMINIO,5,15:00,1,6
553,EL TELEFONO NEGRO,6,00:45,3,10
554,MINIONS NACE UN VILLANO,0,23:00,2,2
555,PEQUEÑA FLOR,5,01:15,4,10
556,THOR AMOR Y TRUENO,5,22:30,4,9
557,DOG UN VIAJE SALVAJE,0,01:15,1,1
558,TOP GUN MAVERICK,6,11:15,1,1
559,PEQUEÑA FLOR,2,23:00,1,7
560,LIGHTYEAR,3,20:00,5,2
561,PEQUEÑA FLOR,0,16:30,1,10
562,TOP GUN MAVERICK,4,23:00,2,5
563,JURASSIC WORLD DOMINIO,5,23:00,2,2
564,PEQUEÑA FLOR,5,00:45,1,9
565,TOP GUN MAVERICK,5,23:00,5,3
566,THOR AMOR Y TRUENO,2,16:30,1,5
567,JURASSIC WORLD DOMINIO,1,17:00,3,4
568,MINIONS NACE UN VILLANO,1,23:00,5,3
569,DOG UN VIAJE SALVAJE,2,16:30,1,2
570,PEQUEÑA FLOR,2,17:00,3,5
571,TODO EN TODAS PARTES AL MISMO TIEMPO,4,15:00,5,9
572,MINIONS NACE UN VILLANO,2,22:30,1,2
573,JURASSIC WORLD DOMINIO,2,20:00,2,8
574,LIGHTYEAR,3,01:15,1,2
575,JURASSIC WORLD DOMINIO,1,22:30,1,2
576,THOR AMOR Y TRUENO,3,11:15,5,8
577,TODO EN TODAS PARTES AL MISMO TIEMPO,1,20:00,4,10
578,JURASSIC WORLD DOMINIO,4,20:00,4,1
579,TODO EN TODAS PARTES AL MISMO TIEMPO,2,23:00,1,7
580,PEQUEÑA FLOR,3,16:30,5,7
581,JURASSIC WORLD DOMINIO,6,15:00,4,7
582,THOR AMOR Y TRUENO,1,16:30,1,2
583,JURASSIC WORLD DOMINIO,1,18:15,2,10
584,LIGHTYEAR,6,15:00,2,7
585,TODO EN TODAS PARTES AL MISMO TIEMPO,1,20:00,3,7
586,TODO EN TODAS PARTES AL MISMO TIEMPO,1,15:00,2,4
587,TODO EN TODAS PARTES AL MISMO TIEMPO,3,16:30,3,7
588,THOR AMOR Y TRUENO,1,16:30,1,9
589,MINIONS NACE UN VILLANO,3,20:00,3,1
590,LIGHTYEAR,0,21:00,1,9
591,PEQUEÑA FLOR,2,16:30,4,3
592,TOP GUN MAVERICK,2,18:15,5,6
593,MINIONS NACE UN VILLANO,2,18:15,2,3
594,EL TELEFONO NEGRO,1,22:30,3,10
595,THOR AMOR Y TRUENO,3,18:15,4,9
596,LIGHTYEAR,2,23:00,3,3
597,PEQUEÑA FLOR,2,18:15,4,10
598,LIGHTYEAR,1,21:00,5,5
599,LIGHTYEAR,6,11:15,5,2
600,EL TELEFONO NEGRO,3,16:30,5,1
601,THOR AMOR Y TRUENO,2,15:00,1,8
602,DOG UN VIAJE SALVAJE,6,17:00,3,10
603,JURASSIC WORLD DOMINIO,2,22:30,4,5
604,EL TELEFONO NEGRO,4,18:15,4,8
605,EL TELEFONO NEGRO,4,22:30,5,9
606,TODO EN TODAS PARTES AL MISMO TIEMPO,1,16:30,1,9
607,TOP GUN MAVERICK,0,15:00,3,3
608,EL TELEFONO NEGRO,0,15:00,4,6
609,MINIONS NACE UN VILLANO,6,18:15,2,2
610,JURASSIC WORLD DOMINIO,4,21:00,3,1
611,TOP GUN MAVERICK,4,15:00,4,8
612,MINIONS NACE UN VILLANO,1,23:00,1,9
613,PEQUEÑA FLOR,3,17:00,2,3
614,MINIONS NACE UN VILLANO,1,21:00,5,5
615,EL TELEFONO NEGRO,1,01:15,3,2
616,TOP GUN MAVERICK,5,22:30,2,4
617,THOR AMOR Y TRUENO,3,01:15,4,10
618,TODO EN TODAS PARTES AL MISMO TIEMPO,0,16:30,3,1
619,MINIONS NACE UN VILLANO,2,23:00,3,7
620,THOR AMOR Y TRUENO,0,11:15,4,9
621,DOG UN VIAJE SALVAJE,2,01:15,3,5
622,TOP GUN MAVERICK,4,11:15,5,8
623,TOP GUN MAVERICK,1,16:30,5,8
624,TOP GUN MAVERICK,4,15:00,4,2
625,JURASSIC WORLD DOMINIO,1,22:30,1,3
626,TODO EN TODAS PARTES AL MISMO TIEMPO,5,21:00,5,9
627,THOR AMOR Y TRUENO,2,20:00,4,7
628,MINIONS NACE UN VILLANO,3,20:00,3,6
629,TOP GUN MAVERICK,6,20:00,4,4
630,MINIONS NACE UN VILLANO,3,22:30,5,10
631,PEQUEÑA FLOR,5,23:00,4,7
632,LIGHTYEAR,5,11:15,4,6
633,EL TELEFONO NEGRO,1,20:00,1,7
634,THOR AMOR Y TRUENO,3,16:30,2,3
635,MINIONS NACE UN VILLANO,1,22:30,3,7
636,TOP GUN MAVERICK,5,11:15,1,1
637,MINIONS NACE UN VILLANO,6,16:30,4,1
638,MINIONS NACE UN VILLANO,0,21:00,4,9
639,MINIONS NACE UN VILLANO,1,11:15,2,1
640,EL TELEFONO NEGRO,2,20:00,3,10
641,MINIONS NACE UN VILLANO,1,17:00,3,4
642,TOP GUN MAVERICK,5,21:00,3,1
643,PEQUEÑA FLOR,3,11:15,2,4
644,THOR AMOR Y TRUENO,6,18:15,5,9
645,MINIONS NACE UN VILLANO,5,18:15,1,2
646,EL TELEFONO NEGRO,6,15:00,5,4
647,EL TELEFONO NEGRO,5,15:00,3,2
648,DOG UN VIAJE SALVAJE,5,17:00,1,4
649,PEQUEÑA FLOR,3,11:15,1,8
650,EL TELEFONO NEGRO,3,15:00,3,1
651,LIGHTYEAR,2,21:00,3,8
652,JURASSIC WORLD DOMINIO,1,16:30,1,8
653,TODO EN TODAS PARTES AL MISMO TIEMPO,1,21:00,5,7
654,MINIONS NACE UN VILLANO,1,16:30,3,8
655,TOP GUN MAVERICK,1,21:00,5,5
656,MINIONS NACE UN VILLANO,3,17:00,4,4
657,TOP GUN MAVERICK,6,21:00,4,9
658,JURASSIC WORLD DOMINIO,2,15:00,5,9
659,TOP GUN MAVERICK,3,15:00,5,6
660,LIGHTYEAR,2,00:45,2,1
661,THOR AMOR Y TRUENO,4,20:00,2,10
662,TOP GUN MAVERICK,6,00:45,2,9
663,LIGHTYEAR,3,11:15,2,1
664,MINIONS NACE UN VILLANO,6,22:30,5,10
665,DOG UN VIAJE SALVAJE,5,16:30,5,10
666,JURASSIC WORLD DOMINIO,5,01:15,3,1
667,JURASSIC WORLD DOMINIO,3,23:00,3,5
668,DOG UN VIAJE SALVAJE,1,00:45,2,7
669,EL TELEFONO NEGRO,1,17:00,2,8
670,THOR AMOR Y TRUENO,0,22:30,2,7
671,THOR AMOR Y TRUENO,3,16:30,5,4
672,EL TELEFONO NEGRO,1,22:30,4,3
673,THOR AMOR Y TRUENO,0,16:30,1,1
674,JURASSIC WORLD DOMINIO,1,16:30,2,7
675,JURASSIC WORLD DOMINIO,3,22:30,4,6
676,LIGHTYEAR,2,15:00,5,6
677,PEQUEÑA FLOR,3,22:30,2,10
678,THOR AMOR Y TRUENO,0,01:15,5,2
679,THOR AMOR Y TRUENO,6,20:00,3,4
680,TOP GUN MAVERICK,1,15:00,1,2
681,JURASSIC WORLD DOMINIO,4,00:45,4,10
682,TOP GUN MAVERICK,6,17:00,4,10
683,JURASSIC WORLD DOMINIO,2,17:00,5,10
684,EL TELEFONO NEGRO,4,15:00,5,6
685,JURASSIC WORLD DOMINIO,2,16:30,1,6
686,THOR AMOR Y TRUENO,6,01:15,3,4
687,MINIONS NACE UN VILLANO,0,17:00,4,4
688,EL TELEFONO NEGRO,2,01:15,4,10
689,EL TELEFONO NEGRO,6,01:15,3,6
690,MINIONS NACE UN VILLANO,5,15:00,1,5
691,TOP GUN MAVERICK,6,01:15,1,8
692,JURASSIC WORLD DOMINIO,4,01:15,2,10
693,EL TELEFONO NEGRO,3,01:15,5,10
694,THOR AMOR Y TRUENO,2,11:15,4,2
695,TOP GUN MAVERICK,3,11:15,5,3
696,THOR AMOR Y TRUENO,5,15:00,5,5
697,JURASSIC WORLD DOMINIO,1,11:15,3,2
698,LIGHTYEAR,3,21:00,4,2
699,EL TELEFONO NEGRO,6,23:00,2,1
700,THOR AMOR Y TRUENO,3,20:00,4,2
701,TOP GUN MAVERICK,4,21:00,5,10
702,TOP GUN MAVERICK,3,22:30,5,7
703,DOG UN VIAJE SALVAJE,5,22:30,2,6
704,DOG UN VIAJE SALVAJE,2,20:00,2,6
705,THOR AMOR Y TRUENO,1,23:00,3,4
706,TODO EN TODAS PARTES AL MISMO TIEMPO,2,23:00,2,1
707,PEQUEÑA FLOR,5,11:15,1,8
708,EL TELEFONO NEGRO,6,01:15,3,5
709,DOG UN VIAJE SALVAJE,2,20:00,5,4
710,DOG UN VIAJE SALVAJE,5,01:15,2,1
711,JURASSIC WORLD DOMINIO,5,15:00,1,8
712,PEQUEÑA FLOR,3,23:00,2,7
713,TOP GUN MAVERICK,2,21:00,2,10
714,TODO EN TODAS PARTES AL MISMO TIEMPO,1,11:15,3,2
715,JURASSIC WORLD DOMINIO,1,20:00,1,2
716,PEQUEÑA FLOR,1,16:30,4,1
717,TOP GUN MAVERICK,4,22:30,5,6
718,MINIONS NACE UN VILLANO,0,18:15,1,7
719,TOP GUN MAVERICK,4,00:45,5,1
720,MINIONS NACE UN VILLANO,3,17:00,5,3
721,THOR AMOR Y TRUENO,3,18:15,3,5
722,THOR AMOR Y TRUENO,2,15:00,5,8
723,MINIONS NACE UN VILLANO,1,23:00,1,4
724,TODO EN TODAS PARTES AL MISMO TIEMPO,4,22:30,5,9
725,THOR AMOR Y TRUENO,3,01:15,2,10
726,TODO EN TODAS PARTES AL MISMO TIEMPO,0,17:00,4,7
727,TODO EN TODAS PARTES AL MISMO TIEMPO,5,15:00,2,6
728,TOP GUN MAVERICK,1,01:15,3,3
729,LIGHTYEAR,3,23:00,2,3
730,EL TELEFONO NEGRO,4,01:15,4,5
731,TOP GUN MAVERICK,4,11:15,4,9
732,MINIONS NACE UN VILLANO,2,18:15,4,5
733,LIGHTYEAR,6,17:00,4,8
734,THOR AMOR Y TRUENO,5,20:00,3,9
735,PEQUEÑA FLOR,1,15:00,3,8
736,MINIONS NACE UN VILLANO,3,11:15,1,6
737,EL TELEFONO NEGRO,6,00:45,4,1
738,MINIONS NACE UN VILLANO,1,20:00,3,5
739,MINIONS NACE UN VILLANO,3,16:30,3,7
740,LIGHTYEAR,2,01:15,5,4
741,THOR AMOR Y TRUENO,1,16:30,2,4
742,LIGHTYEAR,4,18:15,2,1
743,DOG UN VIAJE SALVAJE,2,18:15,2,8
744,TODO EN TODAS PARTES AL MISMO TIEMPO,2,00:45,5,9
745,TODO EN TODAS PARTES AL MISMO TIEMPO,1,17:00,5,3
746,MINIONS NACE UN VILLANO,5,20:00,3,2
747,DOG UN VIAJE SALVAJE,6,00:45,4,6
748,TOP GUN MAVERICK,6,21:00,3,9
749,PEQUEÑA FLOR,0,18:15,5,9
750,LIGHTYEAR,2,11:15,3,10
751,EL TELEFONO NEGRO,6,11:15,2,2
752,THOR AMOR Y TRUENO,2,17:00,3,6
753,TODO EN TODAS PARTES AL MISMO TIEMPO,6,23:00,3,3
754,THOR AMOR Y TRUENO,2,15:00,4,2
755,THOR AMOR Y TRUENO,5,20:00,2,10
756,LIGHTYEAR,4,20:00,1,2
757,MINIONS NACE UN VILLANO,0,23:00,3,6
758,TODO EN TODAS PARTES AL MISMO TIEMPO,3,17:00,2,5
759,TODO EN TODAS PARTES AL MISMO TIEMPO,4,01:15,3,9
760,TODO EN TODAS PARTES AL MISMO TIEMPO,6,20:00,5,10
761,DOG UN VIAJE SALVAJE,0,00:45,3,5
762,DOG UN VIAJE SALVAJE,6,21:00,2,8
763,JURASSIC WORLD DOMINIO,2,18:15,4,9
764,LIGHTYEAR,2,16:30,5,7
765,JURASSIC WORLD DOMINIO,2,18:15,1,2
766,TODO EN TODAS PARTES AL MISMO TIEMPO,6,16:30,3,1
767,JURASSIC WORLD DOMINIO,5,00:45,2,8
768,TOP GUN MAVERICK,3,18:15,4,1
769,TOP GUN MAVERICK,0,16:30,4,6
770,MINIONS NACE UN VILLANO,4,20:00,3,4
771,JURASSIC WORLD DOMINIO,6,21:00,1,1
772,PEQUEÑA FLOR,1,18:15,4,9
773,LIGHTYEAR,5,21:00,2,7
774,TOP GUN MAVERICK,4,22:30,4,10
775,TOP GUN MAVERICK,6,22:30,4,1
776,PEQUEÑA FLOR,1,01:15,3,4
777,DOG UN VIAJE SALVAJE,1,22:30,5,9
778,MINIONS NACE UN VILLANO,3,16:30,1,5
779,JURASSIC WORLD DOMINIO,1,17:00,2,9
780,DOG UN VIAJE SALVAJE,6,16:30,3,8
781,LIGHTYEAR,0,11:15,3,6
782,JURASSIC WORLD DOMINIO,5,23:00,4,3
783,JURASSIC WORLD DOMINIO,5,21:00,4,2
784,TODO EN TODAS PARTES AL MISMO TIEMPO,1,20:00,1,4
785,TOP GUN MAVERICK,4,00:45,1,3
786,JURASSIC WORLD DOMINIO,2,21:00,1,3
787,TODO EN TODAS PARTES AL MISMO TIEMPO,1,18:15,5,9
788,JURASSIC WORLD DOMINIO,2,00:45,5,7
789,TODO EN TODAS PARTES AL MISMO TIEMPO,5,17:00,5,6
790,THOR AMOR Y TRUENO,1,18:15,1,7
791,DOG UN VIAJE SALVAJE,3,16:30,4,7
792,EL TELEFONO NEGRO,3,11:15,2,3
793,LIGHTYEAR,4,16:30,1,3
794,MINIONS NACE UN VILLANO,2,15:00,4,8
795,JURASSIC WORLD DOMINIO,4,11:15,1,10
796,TODO EN TODAS PARTES AL MISMO TIEMPO,5,01:15,3,10
797,MINIONS NACE UN VILLANO,6,22:30,3,10
798,DOG UN VIAJE SALVAJE,5,15:00,5,1
799,TODO EN TODAS PARTES AL MISMO TIEMPO,1,23:00,5,8
800,MINIONS NACE UN VILLANO,1,11:15,4,6
801,DOG UN VIAJE SALVAJE,3,11:15,3,7
802,TODO EN TODAS PARTES AL MISMO TIEMPO,5,22:30,4,7
803,MINIONS NACE UN VILLANO,0,17:00,2,7
804,TODO EN TODAS PARTES AL MISMO TIEMPO,6,22:30,5,2
805,TODO EN TODAS PARTES AL MISMO TIEMPO,5,16:30,1,8
806,TOP GUN MAVERICK,2,11:15,1,5
807,TODO EN TODAS PARTES AL MISMO TIEMPO,1,20:00,1,9
808,TODO EN TODAS PARTES AL MISMO TIEMPO,2,16:30,5,10
809,LIGHTYEAR,2,11:15,3,3
810,LIGHTYEAR,6,21:00,1,9
811,JURASSIC WORLD DOMINIO,3,16:30,3,3
812,EL TELEFONO NEGRO,0,18:15,3,10
813,TOP GUN MAVERICK,5,01:15,3,7
814,JURASSIC WORLD DOMINIO,0,11:15,4,5
815,LIGHTYEAR,5,20:00,3,4
816,TOP GUN MAVERICK,6,00:45,2,4
817,PEQUEÑA FLOR,1,16:30,3,2
818,MINIONS NACE UN VILLANO,0,01:15,5,2
819,EL TELEFONO NEGRO,6,01:15,4,5
820,THOR AMOR Y TRUENO,4,18:15,4,8
821,THOR AMOR Y TRUENO,0,20:00,4,10
822,PEQUEÑA FLOR,1,00:45,2,1
823,PEQUEÑA FLOR,6,22:30,5,9
824,MINIONS NACE UN VILLANO,0,00:45,5,8
825,LIGHTYEAR,1,17:00,1,2
826,TODO EN TODAS PARTES AL MISMO TIEMPO,0,01:15,2,10
827,MINIONS NACE UN VILLANO,4,20:00,5,7
828,PEQUEÑA FLOR,2,23:00,3,8
829,MINIONS NACE UN VILLANO,3,18:15,5,9
830,DOG UN VIAJE SALVAJE,2,20:00,2,5
831,JURASSIC WORLD DOMINIO,4,11:15,4,7
832,DOG UN VIAJE SALVAJE,5,21:00,3,6
833,TOP GUN MAVERICK,1,15:00,5,5
834,EL TELEFONO NEGRO,4,16:30,5,7
835,TODO EN TODAS PARTES AL MISMO TIEMPO,6,23:00,4,4
836,PEQUEÑA FLOR,1,00:45,2,5
837,MINIONS NACE UN VILLANO,3,21:00,4,8
838,PEQUEÑA FLOR,2,01:15,5,1
839,TOP GUN MAVERICK,0,15:00,4,4
840,MINIONS NACE UN VILLANO,2,17:00,5,7
841,THOR AMOR Y TRUENO,2,23:00,5,7
842,DOG UN VIAJE SALVAJE,6,22:30,5,4
843,EL TELEFONO NEGRO,3,18:15,1,1
844,EL TELEFONO NEGRO,5,18:15,1,8
845,TODO EN TODAS PARTES AL MISMO TIEMPO,0,21:00,5,3
846,PEQUEÑA FLOR,1,22:30,5,2
847,JURASSIC WORLD DOMINIO,3,16:30,4,3
848,EL TELEFONO NEGRO,2,11:15,3,2
849,TOP GUN MAVERICK,3,01:15,4,5
850,THOR AMOR Y TRUENO,5,01:15,3,1
851,TODO EN TODAS PARTES AL MISMO TIEMPO,2,17:00,2,2
852,DOG UN VIAJE SALVAJE,4,01:15,4,6
853,TODO EN TODAS PARTES AL MISMO TIEMPO,1,20:00,5,4
854,TODO EN TODAS PARTES AL MISMO TIEMPO,4,22:30,4,2
855,PEQUEÑA FLOR,4,16:30,4,1
856,PEQUEÑA FLOR,3,15:00,5,4
857,EL TELEFONO NEGRO,2,23:00,5,4
858,PEQUEÑA FLOR,2,01:15,2,2
859,JURASSIC WORLD DOMINIO,2,22:30,3,7
860,THOR AMOR Y TRUENO,2,01:15,3,10
861,JURASSIC WORLD DOMINIO,4,11:15,5,9
862,MINIONS NACE UN VILLANO,5,01:15,5,6
863,TODO EN TODAS PARTES AL MISMO TIEMPO,1,00:45,3,9
864,JURASSIC WORLD DOMINIO,1,11:15,2,8
865,TODO EN TODAS PARTES AL MISMO TIEMPO,1,22:30,3,8
866,THOR AMOR Y TRUENO,0,17:00,1,9
867,EL TELEFONO NEGRO,5,23:00,1,4
868,LIGHTYEAR,5,01:15,4,10
869,EL TELEFONO NEGRO,5,17:00,1,7
870,TOP GUN MAVERICK,3,18:15,3,5
871,TODO EN TODAS PARTES AL MISMO TIEMPO,5,18:15,5,2
872,PEQUEÑA FLOR,4,23:00,4,10
873,TODO EN TODAS PARTES AL MISMO TIEMPO,4,20:00,5,5
874,PEQUEÑA FLOR,2,11:15,3,3
875,LIGHTYEAR,3,16:30,5,9
876,DOG UN VIAJE SALVAJE,1,16:30,4,6
877,LIGHTYEAR,4,18:15,5,9
878,MINIONS NACE UN VILLANO,6,11:15,4,4
879,JURASSIC WORLD DOMINIO,4,17:00,3,8
880,PEQUEÑA FLOR,0,23:00,4,3
881,MINIONS NACE UN VILLANO,3,01:15,3,5
882,JURASSIC WORLD DOMINIO,6,15:00,2,2
883,MINIONS NACE UN VILLANO,1,20:00,1,2
884,JURASSIC WORLD DOMINIO,3,11:15,2,8
885,DOG UN VIAJE SALVAJE,1,20:00,4,7
886,LIGHTYEAR,5,21:00,1,5
887,JURASSIC WORLD DOMINIO,0,21:00,5,4
888,EL TELEFONO NEGRO,4,00:45,4,9
889,MINIONS NACE UN VILLANO,6,17:00,3,5
890,JURASSIC WORLD DOMINIO,5,18:15,3,7
891,MINIONS NACE UN VILLANO,4,17:00,5,6
892,DOG UN VIAJE SALVAJE,3,21:00,5,6
893,PEQUEÑA FLOR,3,18:15,4,9
894,THOR AMOR Y TRUENO,4,20:00,5,10
895,THOR AMOR Y TRUENO,1,18:15,2,10
896,JURASSIC WORLD DOMINIO,0,20:00,1,8
897,PEQUEÑA FLOR,4,11:15,3,9
898,JURASSIC WORLD DOMINIO,3,18:15,1,7
899,MINIONS NACE UN VILLANO,4,18:15,2,3
900,DOG UN VIAJE SALVAJE,2,01:15,4,5
901,THOR AMOR Y TRUENO,0,20:00,5,3
902,EL TELEFONO NEGRO,4,23:00,4,10
903,TOP GUN MAVERICK,0,01:15,5,10
904,TOP GUN MAVERICK,0,23:00,5,4
905,TOP GUN MAVERICK,4,20:00,2,8
906,TOP GUN MAVERICK,3,22:30,2,2
907,PEQUEÑA FLOR,0,16:30,5,10
908,TOP GUN MAVERICK,5,01:15,5,5
909,DOG UN VIAJE SALVAJE,6,01:15,4,6
910,EL TELEFONO NEGRO,5,21:00,5,2
911,LIGHTYEAR,5,23:00,2,4
912,JURASSIC WORLD DOMINIO,2,11:15,5,10
913,EL TELEFONO NEGRO,3,22:30,5,3
914,TODO EN TODAS PARTES AL MISMO TIEMPO,4,18:15,2,10
915,TOP GUN MAVERICK,6,00:45,2,9
916,JURASSIC WORLD DOMINIO,1,01:15,3,7
917,PEQUEÑA FLOR,4,15:00,1,10
918,TOP GUN MAVERICK,1,16:30,3,7
919,LIGHTYEAR,1,18:15,2,7
920,THOR AMOR Y TRUENO,1,20:00,5,1
921,THOR AMOR Y TRUENO,4,11:15,5,6
922,MINIONS NACE UN VILLANO,6,21:00,2,5
923,MINIONS NACE UN VILLANO,4,15:00,5,8
924,TOP GUN MAVERICK,6,15:00,4,9
925,TODO EN TODAS PARTES AL MISMO TIEMPO,0,01:15,2,4
926,DOG UN VIAJE SALVAJE,0,18:15,2,1
927,LIGHTYEAR,5,15:00,3,1
928,TOP GUN MAVERICK,1,17:00,2,2
929,PEQUEÑA FLOR,6,00:45,3,2
930,JURASSIC WORLD DOMINIO,4,23:00,4,7
931,PEQUEÑA FLOR,6,20:00,3,10
932,LIGHTYEAR,4,16:30,3,7
933,LIGHTYEAR,3,20:00,4,4
934,DOG UN VIAJE SALVAJE,2,00:45,1,8
935,TOP GUN MAVERICK,4,20:00,1,2
936,TOP GUN MAVERICK,1,00:45,4,9
937,PEQUEÑA FLOR,2,21:00,5,5
938,EL TELEFONO NEGRO,5,21:00,2,9
939,JURASSIC WORLD DOMINIO,4,20:00,2,4
940,TOP GUN MAVERICK,5,22:30,5,7
941,THOR AMOR Y TRUENO,0,11:15,2,3
942,LIGHTYEAR,4,20:00,3,2
943,LIGHTYEAR,3,15:00,1,8
944,TODO EN TODAS PARTES AL MISMO TIEMPO,3,23:00,4,8
945,EL TELEFONO NEGRO,6,22:30,1,5
946,TODO EN TODAS PARTES AL MISMO TIEMPO,2,15:00,4,10
947,PEQUEÑA FLOR,4,23:00,5,2
948,TODO EN TODAS PARTES AL MISMO TIEMPO,3,00:45,4,5
949,THOR AMOR Y TRUENO,6,01:15,3,1
950,DOG UN VIAJE SALVAJE,0,21:00,2,1
951,THOR AMOR Y TRUENO,1,18:15,5,8
952,MINIONS NACE UN VILLANO,0,22:30,5,4
953,JURASSIC WORLD DOMINIO,6,18:15,5,7
954,MINIONS NACE UN VILLANO,0,20:00,3,9
955,EL TELEFONO NEGRO,2,15:00,3,10
956,LIGHTYEAR,1,11:15,1,6
957,DOG UN VIAJE SALVAJE,2,22:30,1,8
958,JURASSIC WORLD DOMINIO,1,21:00,4,5
959,THOR AMOR Y TRUENO,0,20:00,5,2
960,MINIONS NACE UN VILLANO,3,00:45,5,4
961,JURASSIC WORLD DOMINIO,0,00:45,2,2
962,EL TELEFONO NEGRO,0,00:45,4,7
963,JURASSIC WORLD DOMINIO,3,00:45,4,1
964,THOR AMOR Y TRUENO,3,21:00,1,5
965,TODO EN TODAS PARTES AL MISMO TIEMPO,4,23:00,5,10
966,PEQUEÑA FLOR,5,01:15,5,6
967,DOG UN VIAJE SALVAJE,1,21:00,4,1
968,LIGHTYEAR,5,16:30,1,7
969,LIGHTYEAR,2,11:15,2,4
970,PEQUEÑA FLOR,0,11:15,3,8
971,LIGHTYEAR,2,20:00,1,1
972,THOR AMOR Y TRUENO,6,18:15,1,7
973,EL TELEFONO NEGRO,2,17:00,2,1
974,EL TELEFONO NEGRO,6,21:00,3,9
975,THOR AMOR Y TRUENO,3,00:45,1,5
976,PEQUEÑA FLOR,6,21:00,5,4
977,DOG UN VIAJE SALVAJE,4,15:00,4,1
978,THOR AMOR Y TRUENO,6,18:15,2,9
979,TOP GUN MAVERICK,3,17:00,4,8
980,JURASSIC WORLD DOMINIO,4,23:00,3,3
981,THOR AMOR Y TRUENO,4,00:45,3,4
982,LIGHTYEAR,1,21:00,1,7
983,JURASSIC WORLD DOMINIO,1,01:15,5,1
984,LIGHTYEAR,4,15:00,4,4
985,EL TELEFONO NEGRO,4,16:30,2,8
986,MINIONS NACE UN VILLANO,0,18:15,1,7
987,TODO EN TODAS PARTES AL MISMO TIEMPO,1,01:15,2,10
988,TODO EN TODAS PARTES AL MISMO TIEMPO,3,17:00,1,9
989,EL TELEFONO NEGRO,0,16:30,5,8
990,EL TELEFONO NEGRO,6,11:15,1,2
991,THOR AMOR Y TRUENO,2,22:30,2,1
992,MINIONS NACE UN VILLANO,2,01:15,3,7
993,THOR AMOR Y TRUENO,6,00:45,5,1
994,PEQUEÑA FLOR,0,20:00,5,10
995,LIGHTYEAR,0,16:30,1,2
996,TODO EN TODAS PARTES AL MISMO TIEMPO,3,01:15,1,3
997,LIGHTYEAR,6,17:00,1,5
998,EL TELEFONO NEGRO,5,00:45,2,8
999,PEQUEÑA FLOR,6,22:30,5,6
1000,THOR AMOR Y TRUENO,5,17:00,2,9
